Sample,Value
0,0.0
1,0.0
2,0.0
3,0.0
4,0.0
5,0.0
6,0.0
7,0.0
8,0.0
9,0.0
10,0.0
11,0.0
12,0.0
13,0.0
14,0.0
15,0.0
16,0.0
17,0.0
18,0.0
19,0.0
20,0.0
21,0.0
22,0.0
23,0.0
24,0.0
25,0.0
26,0.0
27,0.0
28,0.0
29,0.0
30,0.0
31,0.0006240316094840629
32,0.002471773984883215
33,0.005506698446617901
34,0.009692276315108567
35,0.014991978910775656
36,0.021369277554039615
37,0.028787643565320892
38,0.037210548265039924
39,0.04660146297361716
40,0.05692385901147306
41,0.06814120769902804
42,0.08021698035670255
43,0.09311464830491707
44,0.10679768286409203
45,0.12122955535464781
46,0.13637373709700498
47,0.15219369941158387
48,0.16865291361880494
49,0.18571485103908875
50,0.20334298299285564
51,0.22150078080052604
52,0.24015171578252043
53,0.25925925925925924
54,0.27878688255116296
55,0.29869805697865204
56,0.3189562538621469
57,0.33952494452206794
58,0.36036760027883563
59,0.38144769245287036
60,0.4027286923645928
61,0.4241740713344231
62,0.4457473006827819
63,0.46741185173008964
64,0.4891311957967666
65,0.5108688042032334
66,0.5325881482699104
67,0.5542526993172181
68,0.5758259286655768
69,0.5972713076354071
70,0.6185523075471296
71,0.6396323997211644
72,0.6604750554779322
73,0.6810437461378531
74,0.7013019430213481
75,0.721213117448837
76,0.7407407407407407
77,0.7598482842174796
78,0.778499219199474
79,0.7966570170071444
80,0.8142851489609113
81,0.8313470863811951
82,0.8478063005884161
83,0.8636262629029949
84,0.8787704446453523
85,0.893202317135908
86,0.906885351695083
87,0.9197830196432973
88,0.931858792300972
89,0.943076140988527
90,0.9533985370263829
91,0.9627894517349601
92,0.9712123564346791
93,0.9786307224459604
94,0.9850080210892244
95,0.9903077236848914
96,0.9944933015533821
97,0.9975282260151168
98,0.9993759683905159
99,1.0
100,1.0
101,1.0
102,1.0
103,1.0
104,1.0
105,1.0
106,1.0
107,1.0
108,1.0
109,1.0
110,1.0
111,1.0
112,1.0
113,1.0
114,1.0
115,1.0
116,1.0
117,1.0
118,1.0
119,1.0
120,1.0
121,1.0
122,1.0
123,1.0
124,1.0
125,1.0
126,1.0
127,1.0
128,1.0
129,1.0
130,1.0
131,1.0
132,1.0
133,1.0
134,1.0
135,1.0
136,1.0
137,1.0
138,1.0
139,1.0
140,1.0
141,1.0
142,1.0
143,1.0
144,1.0
145,1.0
146,1.0
147,1.0
148,1.0
149,1.0
150,1.0
151,1.0
152,1.0
153,1.0
154,1.0
155,1.0
156,1.0
157,1.0
158,1.0
159,1.0
160,1.0
161,1.0
162,1.0
163,1.0
164,1.0
165,1.0
166,1.0
167,1.0
168,1.0
169,1.0
170,1.0
171,1.0
172,1.0
173,1.0
174,1.0
175,1.0
176,1.0
177,1.0
178,1.0
179,1.0
180,1.0
181,0.9993759683905159
182,0.9975282260151168
183,0.9944933015533821
184,0.9903077236848914
185,0.9850080210892244
186,0.9786307224459604
187,0.9712123564346791
188,0.9627894517349601
189,0.9533985370263829
190,0.943076140988527
191,0.931858792300972
192,0.9197830196432973
193,0.906885351695083
194,0.893202317135908
195,0.8787704446453523
196,0.8636262629029949
197,0.8478063005884161
198,0.8313470863811949
199,0.8142851489609113
200,0.7966570170071444
201,0.778499219199474
202,0.7598482842174795
203,0.7407407407407408
204,0.721213117448837
205,0.701301943021348
206,0.6810437461378531
207,0.6604750554779322
208,0.6396323997211644
209,0.6185523075471296
210,0.5972713076354073
211,0.5758259286655768
212,0.554252699317218
213,0.5325881482699104
214,0.5108688042032334
215,0.4891311957967665
216,0.46741185173008964
217,0.4457473006827819
218,0.4241740713344231
219,0.40272869236459274
220,0.38144769245287036
221,0.36036760027883563
222,0.33952494452206783
223,0.3189562538621469
224,0.2986980569786519
225,0.27878688255116296
226,0.2592592592592593
227,0.24015171578252037
228,0.22150078080052604
229,0.20334298299285555
230,0.18571485103908875
231,0.1686529136188049
232,0.15219369941158384
233,0.13637373709700495
234,0.12122955535464777
235,0.10679768286409203
236,0.09311464830491702
237,0.08021698035670255
238,0.06814120769902807
239,0.05692385901147304
240,0.046601462973617176
241,0.037210548265039896
242,0.028787643565320892
243,0.021369277554039588
244,0.014991978910775654
245,0.009692276315108578
246,0.005506698446617894
247,0.0024717739848832175
248,0.0006240316094840589
249,0.0
250,0.0
251,0.0
252,0.0
253,0.0
254,0.0
255,0.0
256,0.0
257,0.0
258,0.0
259,0.0
260,0.0
261,0.0
262,0.0
263,0.0
264,0.0
265,0.0
266,0.0
267,0.0
268,0.0
269,0.0
270,0.0
271,0.0
272,0.0
273,0.0
274,0.0
275,0.0
276,0.0
277,0.0
278,0.0
279,0.0
280,0.0
281,0.0
282,0.0
283,0.0
284,0.0
285,0.0
286,0.0
287,0.0
288,0.0
289,0.0
290,0.0
291,0.0
292,0.0
293,0.0
294,0.0
295,0.0
296,0.0
297,0.0
298,0.0
299,0.0
300,0.0
301,0.0
302,0.0
303,0.0
304,0.0
305,0.0
306,0.0
307,0.0
308,0.0
309,0.0
310,0.0
311,0.0
312,0.0
313,0.0
314,0.0
315,0.0
316,0.0
317,0.0
318,0.0
319,0.0
320,0.0
321,0.0
322,0.0
323,0.0
324,0.0
325,0.0
326,0.0
327,0.0
328,0.0
329,0.0
330,0.0
331,0.0
332,0.0
333,0.0
334,0.0
335,0.0
336,0.0
337,0.0
338,0.0
339,0.0
340,0.0
341,0.0
342,0.0
343,0.0
344,0.0
345,0.0
346,0.0
347,0.0
348,0.0
349,0.0
350,0.0
351,0.0
352,0.0
353,0.0
354,0.0
355,0.0
356,0.0
357,0.0
358,0.0
359,0.0
360,0.0
361,0.0
362,0.0
363,0.0
364,0.0
365,0.0
366,0.0
367,0.0
368,0.0
369,0.0
370,0.0
371,0.0
372,0.0
373,0.0
374,0.0
375,0.0
376,0.0
377,0.0
378,0.0
379,0.0
380,0.0
381,0.0006240316094840629
382,0.002471773984883215
383,0.005506698446617901
384,0.009692276315108567
385,0.014991978910775656
386,0.021369277554039615
387,0.028787643565320892
388,0.037210548265039924
389,0.04660146297361716
390,0.05692385901147306
391,0.06814120769902804
392,0.08021698035670255
393,0.09311464830491707
394,0.10679768286409203
395,0.12122955535464781
396,0.13637373709700498
397,0.15219369941158387
398,0.16865291361880494
399,0.18571485103908875
400,0.20334298299285564
401,0.22150078080052604
402,0.24015171578252043
403,0.25925925925925924
404,0.27878688255116296
405,0.29869805697865204
406,0.3189562538621469
407,0.33952494452206794
408,0.36036760027883563
409,0.38144769245287036
410,0.4027286923645928
411,0.4241740713344231
412,0.4457473006827819
413,0.46741185173008964
414,0.4891311957967666
415,0.5108688042032334
416,0.5325881482699104
417,0.5542526993172181
418,0.5758259286655768
419,0.5972713076354071
420,0.6185523075471296
421,0.6396323997211644
422,0.6604750554779322
423,0.6810437461378531
424,0.7013019430213481
425,0.721213117448837
426,0.7407407407407407
427,0.7598482842174796
428,0.778499219199474
429,0.7966570170071444
430,0.8142851489609113
431,0.8313470863811951
432,0.8478063005884161
433,0.8636262629029949
434,0.8787704446453523
435,0.893202317135908
436,0.906885351695083
437,0.9197830196432973
438,0.931858792300972
439,0.943076140988527
440,0.9533985370263829
441,0.9627894517349601
442,0.9712123564346791
443,0.9786307224459604
444,0.9850080210892244
445,0.9903077236848914
446,0.9944933015533821
447,0.9975282260151168
448,0.9993759683905159
449,1.0
450,1.0
451,1.0
452,1.0
453,1.0
454,1.0
455,1.0
456,1.0
457,1.0
458,1.0
459,1.0
460,1.0
461,1.0
462,1.0
463,1.0
464,1.0
465,1.0
466,1.0
467,1.0
468,1.0
469,1.0
470,1.0
471,1.0
472,1.0
473,1.0
474,1.0
475,1.0
476,1.0
477,1.0
478,1.0
479,1.0
480,1.0
481,1.0
482,1.0
483,1.0
484,1.0
485,1.0
486,1.0
487,1.0
488,1.0
489,1.0
490,1.0
491,1.0
492,1.0
493,1.0
494,1.0
495,1.0
496,1.0
497,1.0
498,1.0
499,1.0
500,1.0
501,1.0
502,1.0
503,1.0
504,1.0
505,1.0
506,1.0
507,1.0
508,1.0
509,1.0
510,1.0
511,1.0
512,1.0
513,1.0
514,1.0
515,1.0
516,1.0
517,1.0
518,1.0
519,1.0
520,1.0
521,1.0
522,1.0
523,1.0
524,1.0
525,1.0
526,1.0
527,1.0
528,1.0
529,1.0
530,1.0
531,1.0
532,1.0
533,1.0
534,1.0
535,1.0
536,1.0
537,1.0
538,1.0
539,1.0
540,1.0
541,1.0
542,1.0
543,1.0
544,1.0
545,1.0
546,1.0
547,1.0
548,1.0
549,1.0
550,1.0
551,1.0
552,1.0
553,1.0
554,1.0
555,1.0
556,1.0
557,1.0
558,1.0
559,1.0
560,1.0
561,1.0
562,1.0
563,1.0
564,1.0
565,1.0
566,1.0
567,1.0
568,1.0
569,1.0
570,1.0
571,0.9993759683905159
572,0.9975282260151168
573,0.9944933015533821
574,0.9903077236848914
575,0.9850080210892244
576,0.9786307224459604
577,0.9712123564346791
578,0.9627894517349601
579,0.9533985370263829
580,0.943076140988527
581,0.931858792300972
582,0.9197830196432973
583,0.906885351695083
584,0.893202317135908
585,0.8787704446453523
586,0.8636262629029949
587,0.8478063005884161
588,0.8313470863811949
589,0.8142851489609113
590,0.7966570170071444
591,0.778499219199474
592,0.7598482842174795
593,0.7407407407407408
594,0.721213117448837
595,0.701301943021348
596,0.6810437461378531
597,0.6604750554779322
598,0.6396323997211644
599,0.6185523075471296
600,0.5972713076354073
601,0.5758259286655768
602,0.554252699317218
603,0.5325881482699104
604,0.5108688042032334
605,0.4891311957967665
606,0.46741185173008964
607,0.4457473006827819
608,0.4241740713344231
609,0.40272869236459274
610,0.38144769245287036
611,0.36036760027883563
612,0.33952494452206783
613,0.3189562538621469
614,0.2986980569786519
615,0.27878688255116296
616,0.2592592592592593
617,0.24015171578252037
618,0.22150078080052604
619,0.20334298299285555
620,0.18571485103908875
621,0.1686529136188049
622,0.15219369941158384
623,0.13637373709700495
624,0.12122955535464777
625,0.10679768286409203
626,0.09311464830491702
627,0.08021698035670255
628,0.06814120769902807
629,0.05692385901147304
630,0.046601462973617176
631,0.037210548265039896
632,0.028787643565320892
633,0.021369277554039588
634,0.014991978910775654
635,0.009692276315108578
636,0.005506698446617894
637,0.0024717739848832175
638,0.0006240316094840589
639,0.0
640,0.0
641,0.0
642,0.0
643,0.0
644,0.0
645,0.0
646,0.0
647,0.0
648,0.0
649,0.0
650,0.0
651,0.0
652,0.0
653,0.0
654,0.0
655,0.0
656,0.0
657,0.0
658,0.0
659,0.0
660,0.0
661,0.0
662,0.0
663,0.0
664,0.0
665,0.0
666,0.0
667,0.0
668,0.0
669,0.0
670,0.0
671,0.0
672,0.0
673,0.0
674,0.0
675,0.0
676,0.0
677,0.0
678,0.0
679,0.0
680,0.0
681,0.0006240316094840629
682,0.002471773984883215
683,0.005506698446617901
684,0.009692276315108567
685,0.014991978910775656
686,0.021369277554039615
687,0.028787643565320892
688,0.037210548265039924
689,0.04660146297361716
690,0.05692385901147306
691,0.06814120769902804
692,0.08021698035670255
693,0.09311464830491707
694,0.10679768286409203
695,0.12122955535464781
696,0.13637373709700498
697,0.15219369941158387
698,0.16865291361880494
699,0.18571485103908875
700,0.20334298299285564
701,0.22150078080052604
702,0.24015171578252043
703,0.25925925925925924
704,0.27878688255116296
705,0.29869805697865204
706,0.3189562538621469
707,0.33952494452206794
708,0.36036760027883563
709,0.38144769245287036
710,0.4027286923645928
711,0.4241740713344231
712,0.4457473006827819
713,0.46741185173008964
714,0.4891311957967666
715,0.5108688042032334
716,0.5325881482699104
717,0.5542526993172181
718,0.5758259286655768
719,0.5972713076354071
720,0.6185523075471296
721,0.6396323997211644
722,0.6604750554779322
723,0.6810437461378531
724,0.7013019430213481
725,0.721213117448837
726,0.7407407407407407
727,0.7598482842174796
728,0.778499219199474
729,0.7966570170071444
730,0.8142851489609113
731,0.8313470863811951
732,0.8478063005884161
733,0.8636262629029949
734,0.8787704446453523
735,0.893202317135908
736,0.906885351695083
737,0.9197830196432973
738,0.931858792300972
739,0.943076140988527
740,0.9533985370263829
741,0.9627894517349601
742,0.9712123564346791
743,0.9786307224459604
744,0.9850080210892244
745,0.9903077236848914
746,0.9944933015533821
747,0.9975282260151168
748,0.9993759683905159
749,1.0
750,1.0
751,1.0
752,1.0
753,1.0
754,1.0
755,1.0
756,1.0
757,1.0
758,1.0
759,1.0
760,1.0
761,1.0
762,1.0
763,1.0
764,1.0
765,1.0
766,1.0
767,1.0
768,1.0
769,1.0
770,1.0
771,1.0
772,1.0
773,1.0
774,1.0
775,1.0
776,1.0
777,1.0
778,1.0
779,1.0
780,1.0
781,1.0
782,1.0
783,1.0
784,1.0
785,1.0
786,1.0
787,1.0
788,1.0
789,1.0
790,1.0
791,1.0
792,1.0
793,1.0
794,1.0
795,1.0
796,1.0
797,1.0
798,1.0
799,1.0
800,1.0
801,1.0
802,1.0
803,1.0
804,1.0
805,1.0
806,1.0
807,1.0
808,1.0
809,1.0
810,1.0
811,0.9993759683905159
812,0.9975282260151168
813,0.9944933015533821
814,0.9903077236848914
815,0.9850080210892244
816,0.9786307224459604
817,0.9712123564346791
818,0.9627894517349601
819,0.9533985370263829
820,0.943076140988527
821,0.931858792300972
822,0.9197830196432973
823,0.906885351695083
824,0.893202317135908
825,0.8787704446453523
826,0.8636262629029949
827,0.8478063005884161
828,0.8313470863811949
829,0.8142851489609113
830,0.7966570170071444
831,0.778499219199474
832,0.7598482842174795
833,0.7407407407407408
834,0.721213117448837
835,0.701301943021348
836,0.6810437461378531
837,0.6604750554779322
838,0.6396323997211644
839,0.6185523075471296
840,0.5972713076354073
841,0.5758259286655768
842,0.554252699317218
843,0.5325881482699104
844,0.5108688042032334
845,0.4891311957967665
846,0.46741185173008964
847,0.4457473006827819
848,0.4241740713344231
849,0.40272869236459274
850,0.38144769245287036
851,0.36036760027883563
852,0.33952494452206783
853,0.3189562538621469
854,0.2986980569786519
855,0.27878688255116296
856,0.2592592592592593
857,0.24015171578252037
858,0.22150078080052604
859,0.20334298299285555
860,0.18571485103908875
861,0.1686529136188049
862,0.15219369941158384
863,0.13637373709700495
864,0.12122955535464777
865,0.10679768286409203
866,0.09311464830491702
867,0.08021698035670255
868,0.06814120769902807
869,0.05692385901147304
870,0.046601462973617176
871,0.037210548265039896
872,0.028787643565320892
873,0.021369277554039588
874,0.014991978910775654
875,0.009692276315108578
876,0.005506698446617894
877,0.0024717739848832175
878,0.0006240316094840589
879,0.0
880,0.0
881,0.0
882,0.0
883,0.0
884,0.0
885,0.0
886,0.0
887,0.0
888,0.0
889,0.0
890,0.0
891,0.0
892,0.0
893,0.0
894,0.0
895,0.0
896,0.0
897,0.0
898,0.0
899,0.0
900,0.0
901,0.0
902,0.0
903,0.0
904,0.0
905,0.0
906,0.0
907,0.0
908,0.0
909,0.0
910,0.0
911,0.0
912,0.0
913,0.0
914,0.0
915,0.0
916,0.0
917,0.0
918,0.0
919,0.0
920,0.0
921,0.0
922,0.0
923,0.0
924,0.0
925,0.0
926,0.0
927,0.0
928,0.0
929,0.0
930,0.0
931,0.0
932,0.0
933,0.0
934,0.0
935,0.0
936,0.0
937,0.0
938,0.0
939,0.0
940,0.0
941,0.0
942,0.0
943,0.0
944,0.0
945,0.0
946,0.0
947,0.0
948,0.0
949,0.0
950,0.0
951,0.0
952,0.0
953,0.0
954,0.0
955,0.0
956,0.0
957,0.0
958,0.0
959,0.0
960,0.0
961,0.0
962,0.0
963,0.0
964,0.0
965,0.0
966,0.0
967,0.0
968,0.0
969,0.0
970,0.0
971,0.0
972,0.0
973,0.0
974,0.0
975,0.0
976,0.0
977,0.0
978,0.0
979,0.0
980,0.0
981,0.0
982,0.0
983,0.0
984,0.0
985,0.0
986,0.0
987,0.0
988,0.0
989,0.0
990,0.0
991,0.0
992,0.0
993,0.0
994,0.0
995,0.0
996,0.0
997,0.0
998,0.0
999,0.0
