filename,tester,material_trial,segment_index,rising_time,rising_slope,intercept,rising_slope_simple,peak_force,r_squared,n_points
AoFoam1.csv,Ao,Foam1,0,1.3720165999839082,38.53066189736161,13.318769940239203,36.849061631563096,53.525508753043496,0.7333958439741227,151
AoFoam1.csv,Ao,Foam1,1,2.4175915000378154,19.362328360483954,18.303000229800855,21.835227028856416,55.92908115129381,0.6276441347793033,266
AoFoam1.csv,Ao,Foam1,2,3.6799396999995224,9.433263833153491,27.256999464051592,14.224257174646056,55.56344960955182,0.5468471004746189,404
AoFoam1.csv,Ao,Foam1,3,0.8269313999917358,66.5875644519754,3.2507967464718206,54.24688224174821,49.43343632592421,0.9327921520760094,92
AoFoam1.csv,Ao,Foam1,4,2.7297700999770385,13.161493144713793,25.72192000688424,18.13015314940714,53.364921632338735,0.5677064366409273,299
AoFoam2.csv,Ao,Foam2,0,4.0721231999923475,7.27263152436299,34.75925191946138,14.176170670444588,62.54861992122154,0.4624756903828112,448
AoFoam2.csv,Ao,Foam2,1,4.197814099956304,7.837835723569932,30.95975609978041,12.35546197458703,58.74048957633615,0.6246700826618585,461
AoFoam2.csv,Ao,Foam2,2,4.028543299995363,10.527837726954306,25.860457489845558,14.77177536607752,60.26202852099776,0.6264604730102212,442
AoFoam2.csv,Ao,Foam2,3,3.4929984000045806,8.891860980494007,39.517794815438435,15.355706503153337,63.409950438444994,0.433799458633242,383
AoFoam2.csv,Ao,Foam2,4,3.649240699945949,7.216625308162021,35.01577277005799,14.885620489254254,59.66305315847753,0.34738641737756615,400
AoPillow1.csv,Ao,Pillow1,0,2.6010021999827604,21.415296908288386,5.995364862996258,18.381632042780318,51.40731616473523,0.8501711726957777,286
AoPillow1.csv,Ao,Pillow1,1,2.414001500001179,18.288737862609533,10.720454776194071,19.49339522007253,49.51710686473743,0.788902925276473,265
AoPillow1.csv,Ao,Pillow1,2,3.426334500021767,9.379890180410607,22.37444301862437,12.715828919987919,46.097497055731566,0.5456664177793866,376
AoPillow1.csv,Ao,Pillow1,3,2.4868723000399697,14.68206338163811,17.58073353339795,17.719516379058103,45.97891514730368,0.6262637860644431,274
AoPillow1.csv,Ao,Pillow1,4,1.4850520000327379,38.389943724092824,7.3682337159912095,33.524469668133676,53.95586552091285,0.8875905934529834,163
AoPillow2.csv,Ao,Pillow2,0,3.3696735000121407,7.15770574103529,19.370380522319337,10.967827113372739,40.42693959389502,0.6119401729112068,371
AoPillow2.csv,Ao,Pillow2,1,3.09271340002306,9.180649264353388,15.535511070592875,12.941966155308862,42.23575081999169,0.7086030429681,339
AoPillow2.csv,Ao,Pillow2,2,2.5020506999571808,10.991195807659375,10.02482207764872,12.474437245121289,33.14394523293022,0.7860607486729493,276
AoPillow2.csv,Ao,Pillow2,3,3.246246399998199,9.20881896636802,17.760420927860643,13.239936645301704,46.32551062115124,0.6872589446984845,357
AoPillow2.csv,Ao,Pillow2,4,1.0166550999856554,41.485045866082764,2.257679284146537,34.63592622551814,38.84849209142288,0.9693214330608523,112
AoWood1.csv,Ao,Wood1,0,4.944067399948835,3.137400988090087,17.37024214087903,5.25999310157682,33.287346577540035,0.44891486515383777,542
AoWood1.csv,Ao,Wood1,1,4.722459900018293,2.582766115378586,24.10486204513046,6.071217277385764,34.723597787768945,0.3368136785239708,519
AoWood1.csv,Ao,Wood1,2,3.198450799973216,9.317352220340444,15.579142338351405,12.651225978264733,43.078529067422906,0.6864554661214165,351
AoWood1.csv,Ao,Wood1,3,3.9768405000213534,6.562734396980616,15.496421784154661,9.858970768611679,42.4808011526947,0.5555167311007417,437
AoWood1.csv,Ao,Wood1,4,2.917694900010254,8.395976930232084,11.493122230892281,10.66372019998071,37.443391617763496,0.8771767047164115,321
AoWood2.csv,Ao,Wood2,0,1.845999099954497,16.413742537499346,15.745014127555162,20.84881995431371,41.28991153103036,0.6679356577101616,203
AoWood2.csv,Ao,Wood2,1,3.6091576000326313,5.94957851624563,19.92174105113089,8.835002502130182,36.73344514056427,0.5795473332538118,396
AoWood2.csv,Ao,Wood2,2,0.910890900006045,52.68971890818778,4.466364518808415,43.76290784956426,43.8800001306801,0.9044784062085216,101
AoWood2.csv,Ao,Wood2,3,2.3503105000127036,10.253235127007414,20.81472860641758,16.039295067108675,41.81258203163512,0.628389186188494,258
AoWood2.csv,Ao,Wood2,4,0.6610584000009112,50.19283631696488,9.13840847950732,43.33940661246868,36.73082489513616,0.9090057429905275,73
BenFoam1.csv,Ben,Foam1,0,4.072552700003143,23.310287847308523,30.501115931592672,23.89980962984199,106.56445680802268,0.7596240245508566,447
BenFoam1.csv,Ben,Foam1,1,3.735445800004527,24.608747506828706,29.29880715201017,25.915166433386513,100.7909024180988,0.7602525293509914,408
BenFoam1.csv,Ben,Foam1,2,3.2780876999604445,7.349759251648013,71.73708320622774,11.412185119587544,92.64895080193688,0.6053955216215519,360
BenFoam1.csv,Ben,Foam1,3,3.329079099989034,3.24283529902208,66.76694229207439,5.03802395528069,77.12007083811748,0.4037211274405768,366
BenFoam1.csv,Ben,Foam1,4,3.348930800042581,21.43304846941996,28.21073089187216,22.14763181981414,82.26773660561203,0.7229882535416405,367
BenFoam2.csv,Ben,Foam2,0,2.1141998000093754,30.210270394251566,63.7392626900895,46.37163088099104,113.33610396833066,0.5273509543342687,232
BenFoam2.csv,Ben,Foam2,1,3.678361300029792,5.394240473170475,88.99608302726996,9.248547942439398,107.0030907231379,0.5893042467501611,404
BenFoam2.csv,Ben,Foam2,2,4.652992299990721,13.10514004425732,33.681000655751305,19.188535273487858,92.28743105169184,0.5511315818186799,511
BenFoam2.csv,Ben,Foam2,3,2.401729899982456,47.98216952853806,17.50620333585956,43.640358226724295,108.33111865722148,0.87903314429353,264
BenFoam2.csv,Ben,Foam2,4,5.023109200003091,12.110075877750345,34.33278808136188,16.715749095221376,86.78743753632213,0.6439570034375256,550
BenPillow1.csv,Ben,Pillow1,0,1.7368852999643423,46.359694110749835,-8.46522063518854,37.13230111735153,67.46118405394027,0.9569848176325718,191
BenPillow1.csv,Ben,Pillow1,1,2.4552261999924667,28.0583066633744,10.50650372041546,26.510541667016955,69.04240901666624,0.878780881019041,270
BenPillow1.csv,Ben,Pillow1,2,3.4358947000000626,26.074806677363018,23.07744933483032,28.952220247591423,104.21035537612072,0.8163267512809772,378
BenPillow1.csv,Ben,Pillow1,3,1.3480649000266567,61.660243527188165,-1.881334607182481,51.17709520097082,71.9975665239844,0.9770447021597862,149
BenPillow1.csv,Ben,Pillow1,4,4.097648599999957,10.156945426751944,29.49898024695033,14.397158198824975,63.60283000918137,0.5319160248425757,450
BenPillow2.csv,Ben,Pillow2,0,1.277797999966424,62.270512826882786,1.6060051786209186,54.32982731653215,72.55605649908962,0.9834598672583305,141
BenPillow2.csv,Ben,Pillow2,1,3.5813080999650992,9.958172523344706,21.79370236947104,13.47452471365566,50.67197319069214,0.5724339058666172,393
BenPillow2.csv,Ben,Pillow2,2,3.7994284000014886,12.984310469836906,50.56150414740094,23.064949417718164,96.00919754609714,0.5457351068191458,417
BenPillow2.csv,Ben,Pillow2,3,3.7706154999905266,24.38027642120172,17.163204353349727,25.396521779985058,100.4285104036904,0.9020624546688006,414
BenPillow2.csv,Ben,Pillow2,4,4.433542000013404,14.937759085413193,27.82899830975439,16.933757331140157,81.41880769929749,0.734702432542558,486
BenWood1.csv,Ben,Wood1,0,2.1688712000031956,63.16250832121387,-16.527161236790633,52.23500665639108,115.3503617961735,0.9382907952982028,238
BenWood1.csv,Ben,Wood1,1,3.742583399987783,18.680271318638592,26.566344673577646,25.338926798322266,101.88490908286232,0.6096924458503239,410
BenWood1.csv,Ben,Wood1,2,1.4687121000024526,74.22365791006908,-7.98607655162175,64.23044613694874,99.72241585000592,0.9730425170583338,162
BenWood1.csv,Ben,Wood1,3,0.5678910000133364,9.369845442012396,100.1185103233002,17.82262054805537,108.59513156663148,0.2868016597723682,63
BenWood1.csv,Ben,Wood1,4,2.8869575999560695,48.12526675526227,-5.325841990043386,41.14809299460657,121.60398705135628,0.9752217790842171,318
BenWood2.csv,Ben,Wood2,0,2.977809800009709,30.555770804719874,39.14398703494656,37.382971205716856,115.90175220736133,0.617139743466112,327
BenWood2.csv,Ben,Wood2,1,2.723614600021392,34.8021268147997,8.92117620227436,32.316653522411556,90.4221265618866,0.849762664565417,299
BenWood2.csv,Ben,Wood2,2,1.672868900001049,64.5908654649767,-15.304791822545901,50.4052679177901,85.94375102162702,0.9440148309363146,184
BenWood2.csv,Ben,Wood2,3,2.1935771999997087,45.37358687444402,1.2038547649348388,46.265434824207176,103.81150619927766,0.9786417472186173,240
BenWood2.csv,Ben,Wood2,4,2.1592844999977387,41.83007027848163,-0.7448560958462025,35.80008795331774,80.40422019901303,0.9404514291260453,238
DaichiFoam1.csv,Daichi,Foam1,0,2.537110799981747,33.7145883664543,20.084630081059906,30.62156547421067,85.4110902508645,0.766509472599686,279
DaichiFoam1.csv,Daichi,Foam1,1,3.005799799982926,20.953639177839896,33.39570267104721,25.01831822716988,82.5192572718793,0.682185173374329,329
DaichiFoam1.csv,Daichi,Foam1,2,2.578473100031264,28.486753020589255,32.87820152913695,31.204977245483093,88.25100439465413,0.7250701280669573,283
DaichiFoam1.csv,Daichi,Foam1,3,2.4272477000486106,30.150894738080265,33.304458363160855,33.04865653714035,90.38214068507445,0.7487993318162864,266
DaichiFoam1.csv,Daichi,Foam1,4,2.824782099982258,25.15398312992917,42.66628704482356,30.664175729239485,99.6354048717072,0.7737839774865397,310
DaichiFoam2.csv,Daichi,Foam2,0,2.5237810999969934,30.89220923004792,25.617015365711723,31.656319956924627,87.4738655262474,0.7932560152874165,278
DaichiFoam2.csv,Daichi,Foam2,1,2.1348289999878034,42.50450962094661,13.605390392725226,40.263840291053285,89.20238968345221,0.8982326566464156,235
DaichiFoam2.csv,Daichi,Foam2,2,3.1681512999930384,26.69077400177015,30.95726207315633,29.34160712469715,96.99138401395766,0.7626284902191232,348
DaichiFoam2.csv,Daichi,Foam2,3,3.4625202000024764,23.62342429156443,32.52133423290662,27.20817924827351,96.69016705722814,0.7358974863425001,381
DaichiFoam2.csv,Daichi,Foam2,4,2.173138900019694,36.75291194113229,28.06973728052146,36.40288256445183,90.12149927663988,0.8048948606690518,239
DaichiPillow1.csv,Daichi,Pillow1,0,3.337919699959457,19.94008828520142,9.609886180085496,18.550863998543658,63.58456943596373,0.8127065269013565,367
DaichiPillow1.csv,Daichi,Pillow1,1,3.68340390000958,14.82329193399295,20.9585698952984,16.66250427867768,65.39529394546011,0.7332252584554351,405
DaichiPillow1.csv,Daichi,Pillow1,2,3.0597898000269197,23.575051136254707,13.804908488321715,21.948998522697828,70.13011241257504,0.8229716072861828,336
DaichiPillow1.csv,Daichi,Pillow1,3,2.6223633000045083,29.038952842214126,11.953320194943174,26.396541212706385,70.84996091834306,0.793170777676665,289
DaichiPillow1.csv,Daichi,Pillow1,4,2.1261113999644294,31.341509831886764,10.320807757317922,27.38148060530865,62.0710687413244,0.8359407291569614,233
DaichiPillow2.csv,Daichi,Pillow2,0,2.6838146999944,23.490652843374306,12.026371379262855,21.889206353241,61.63660772192607,0.836901322216167,296
DaichiPillow2.csv,Daichi,Pillow2,1,2.4756737000425346,26.83314391899459,11.615951231074177,24.992259210842267,66.94084445649123,0.8938546103849133,272
DaichiPillow2.csv,Daichi,Pillow2,2,2.512522299948614,29.17742219114933,12.558095266008607,26.88407282135241,70.08257946615326,0.8239175868917978,274
DaichiPillow2.csv,Daichi,Pillow2,3,2.3348094999673776,33.71210566426919,7.666011079273311,29.177343569174568,71.84425046034322,0.9015272946730979,256
DaichiPillow2.csv,Daichi,Pillow2,4,2.031304999953136,40.844640087951404,3.851037763555297,34.814373755165335,72.83639307228837,0.9207109270491209,224
DaichiWood1.csv,Daichi,Wood1,0,3.4066058000316843,43.10796538562504,1.4388647438538982,38.14837790611425,132.76888490384417,0.9745883825275358,374
DaichiWood1.csv,Daichi,Wood1,1,2.404701200022828,58.22861248296451,0.5161164783448129,47.31969986289271,116.14008779055013,0.919735301894396,264
DaichiWood1.csv,Daichi,Wood1,2,2.6559031000360847,39.74699826317314,18.45730504565686,37.007656165992515,101.3007894346626,0.7807133784323202,292
DaichiWood1.csv,Daichi,Wood1,3,2.8366107000038063,39.470379379963,22.48558410586766,35.761212801943344,109.17962851446195,0.7922103991220876,311
DaichiWood1.csv,Daichi,Wood1,4,2.1787833999842405,53.12879571566843,-1.2064426316201704,43.554902103422485,99.35390937004246,0.9702611518634691,239
DaichiWood2.csv,Daichi,Wood2,0,2.0328085999935865,48.92207050542485,18.05639524761895,43.21707643831469,98.94954851683272,0.8902562594833061,224
DaichiWood2.csv,Daichi,Wood2,1,2.035423900000753,40.076871652029304,14.836964173618867,35.9843246116675,82.77737808129069,0.9038254148417448,224
DaichiWood2.csv,Daichi,Wood2,2,2.5746351999696344,41.47416953306909,18.07923868304654,40.64317191461009,107.04641062470807,0.8984661270828638,283
DaichiWood2.csv,Daichi,Wood2,3,2.8760793000110425,30.864058151282478,20.05176260613117,29.38248850842872,92.06183474773488,0.8947211330832805,316
DaichiWood2.csv,Daichi,Wood2,4,2.114074299985081,45.42119235371549,6.495397241030801,40.139003085193906,93.4737413774748,0.9911595989304378,233
DaichiWood2.csv,Daichi,Wood2,5,2.5112236999557283,13.080479060486851,7.483651130309685,14.149209806835309,39.043896237714975,0.815143563568021,276
HannahFoam1.csv,Hannah,Foam1,0,1.0758370999828912,107.13918420859447,3.795280191918657,88.35852431687077,105.50753604298392,0.9723351703304228,119
HannahFoam1.csv,Hannah,Foam1,1,2.6012132999603637,23.568644479943057,41.19669714480874,30.862484889182394,87.17056272329542,0.5365963843191837,285
HannahFoam1.csv,Hannah,Foam1,2,2.882531900017053,23.091662343645776,35.59223893239018,27.31360430551282,86.40746075592547,0.6347149813601294,315
HannahFoam1.csv,Hannah,Foam1,3,2.0382246000226587,35.99512058526042,34.40423324234523,41.0366267620548,90.98139277370667,0.7034914363435703,222
HannahFoam1.csv,Hannah,Foam1,4,1.5309465000173077,62.78011406137873,18.420700273438165,55.8573545481601,96.2817712074191,0.8813389687830294,168
HannahFoam2.csv,Hannah,Foam2,0,1.5555983999999992,65.2417634475331,9.067265551834893,59.67242579318676,94.75844361,0.9440727519491311,172
HannahFoam2.csv,Hannah,Foam2,1,1.350555,74.53227510598624,8.744572268914553,65.70331181625332,100.2528544,0.9881619017012493,149
HannahFoam2.csv,Hannah,Foam2,2,1.1952515000000012,82.40876621916914,10.358563844010071,71.40281380947852,100.4214068,0.9903817700536246,131
HannahFoam2.csv,Hannah,Foam2,3,1.7489617000000024,45.22849164687026,27.478983653256662,43.42481883965778,90.72122531,0.8515837652961346,193
HannahFoam2.csv,Hannah,Foam2,4,1.1555210999999979,78.78526648574733,9.259886964086562,67.02531332400606,89.50990721,0.9829926629295132,127
HannahPillow1.csv,Hannah,Pillow1,0,1.8813556999666616,41.30252653447289,20.311713899006094,40.53209367037185,81.78705877688547,0.8497279596641818,207
HannahPillow1.csv,Hannah,Pillow1,1,2.326634800003376,30.008127141214036,22.143875689526773,31.217374190539864,77.09732483188195,0.8146060618072177,255
HannahPillow1.csv,Hannah,Pillow1,2,1.920244700042531,42.64729527721979,14.923085126765187,38.82660140846444,80.55115306875943,0.8939937614390552,211
HannahPillow1.csv,Hannah,Pillow1,3,2.0325223000254518,40.047174079544945,19.00885164862953,37.15863502385866,81.08767277558341,0.8078008911300572,224
HannahPillow1.csv,Hannah,Pillow1,4,1.8257454999838956,42.842605812330184,13.941644717583728,37.68283220391764,75.60196608150606,0.8619193437413601,201
HannahPillow2.csv,Hannah,Pillow2,0,2.1741614999999994,22.2801024496195,20.298287564977286,22.54465987554283,57.80999607,0.8181735001767804,239
HannahPillow2.csv,Hannah,Pillow2,1,2.2973374,29.001903903824537,24.92882088811769,29.02758279301943,76.08670076,0.7950659276776216,252
HannahPillow2.csv,Hannah,Pillow2,2,2.3383411999999986,30.926190259046187,17.263200026680302,31.864941496989427,76.96632628,0.8918000063019252,257
HannahPillow2.csv,Hannah,Pillow2,3,1.5608851000000001,42.76059903760528,10.884596792804679,39.467895656765506,67.17286813,0.921054636525171,172
HannahPillow2.csv,Hannah,Pillow2,4,2.257048300000001,31.085322948285523,18.678106009514238,30.51248551792178,73.57691561,0.8446087206218604,248
HannahWood1.csv,Hannah,Wood1,0,1.157437800022306,114.88705018754386,6.301248953878826,108.02264580156368,137.45960919582384,0.991441847312317,128
HannahWood1.csv,Hannah,Wood1,1,1.5892762999865226,89.99503962245547,10.73365300842545,77.07911147015349,129.51693163651726,0.9378547213599921,175
HannahWood1.csv,Hannah,Wood1,2,2.243781099969059,59.70712505153051,39.36017829345802,60.04608904411125,143.7541071722548,0.800551581417112,247
HannahWood1.csv,Hannah,Wood1,3,1.622321199974973,91.45876425201324,17.74041797000875,81.07931755061074,144.70596470546363,0.9649830792287414,179
HannahWood1.csv,Hannah,Wood1,4,2.0496988999657333,68.99426602160985,27.45122026993873,67.77670961382084,146.95821604888215,0.8798088503970268,225
HannahWood2.csv,Hannah,Wood2,0,2.5576709000160918,41.98477700241568,31.037016467073542,42.05971934226437,114.22566884288636,0.827072528777804,281
HannahWood2.csv,Hannah,Wood2,1,1.6849896000348963,85.65797121328647,13.192160024025881,75.2197764813728,137.067331004347,0.9710663707256376,186
HannahWood2.csv,Hannah,Wood2,2,2.0395018999697605,65.88577198171943,27.48984695627267,61.205704074882426,135.4295008585019,0.8601638996009818,224
HannahWood2.csv,Hannah,Wood2,3,2.1330345000023954,76.14918196900928,16.82682404397177,67.90471685700939,150.92910473159867,0.9343508229927361,235
HannahWood2.csv,Hannah,Wood2,4,2.0788500999915414,71.4260012724771,29.392717307476786,66.70489695403757,145.94634528180794,0.8699395143554719,229
OniFoam1.csv,Oni,Foam1,0,2.75744380004471,19.340317306240628,49.75397668283607,28.670110038414496,90.44999019048096,0.5433654458362289,303
OniFoam1.csv,Oni,Foam1,1,4.171368499984965,10.355698250243366,55.75787429344186,20.6864817029838,95.69903672364283,0.44646979965127653,457
OniFoam1.csv,Oni,Foam1,2,2.731897199992094,23.227173243872745,45.265001674468095,31.533442473957468,102.6283738480934,0.6834225328124508,299
OniFoam1.csv,Oni,Foam1,3,2.953511599975169,23.845334407528508,40.93249199335745,29.396261249450557,97.065082282367,0.6600488515372733,324
OniFoam1.csv,Oni,Foam1,4,3.4318744000047445,12.55651447380451,57.716955119261485,20.838101152838423,91.8806203349288,0.5883833913910886,377
OniFoam2.csv,Oni,Foam2,0,2.928178400034085,21.405635905511982,49.20412536377499,29.083178250688974,95.74899409252998,0.5695046617355279,322
OniFoam2.csv,Oni,Foam2,1,2.985604499990586,16.064139915404954,50.38262866513934,25.372915341325427,87.7250322034249,0.5449541669673361,329
OniFoam2.csv,Oni,Foam2,2,2.1579812000272796,43.448891823235144,21.209223368399442,41.54499435252089,93.01033508609328,0.7903341303128016,238
OniFoam2.csv,Oni,Foam2,3,2.9088734000106378,21.399058395524946,45.788296958003144,28.24071938758556,92.72717128931797,0.6360019015096179,320
OniFoam2.csv,Oni,Foam2,4,2.2797062000026926,30.991909886929268,38.38163406816046,36.62405885448671,93.33651389396157,0.6595578876040159,251
OniPillow1.csv,Oni,Pillow1,0,2.748079099983441,14.690277445863495,18.398669172911177,16.757527501313415,49.38201938841167,0.6841731246522863,302
OniPillow1.csv,Oni,Pillow1,1,2.514540100004524,18.10339984329054,13.584871447628693,19.4074799662422,50.15938663427083,0.6938662028475399,276
OniPillow1.csv,Oni,Pillow1,2,2.975556500023231,11.10341272538643,18.733364242772986,15.673359223989912,49.85306125703936,0.5467676908134393,327
OniPillow1.csv,Oni,Pillow1,3,2.882335099973723,16.411181328559145,19.41926753427932,18.291657665736786,57.38200127269765,0.7607272400794496,317
OniPillow1.csv,Oni,Pillow1,4,3.4153551000053994,8.111828409151697,21.00173407910237,11.632785176916151,42.045144291002224,0.5435178433426547,376
OniPillow2.csv,Oni,Pillow2,0,3.212539300031496,12.239395998738209,23.910469265280582,15.57493015103761,54.1888031554334,0.6626749848531133,353
OniPillow2.csv,Oni,Pillow2,1,2.8397139000007883,18.589324776114996,22.207069109811844,20.170991962500725,61.44601318584769,0.6591506630174568,312
OniPillow2.csv,Oni,Pillow2,2,2.993888800032437,14.543273429948957,23.092180868717932,17.703504060386383,57.044047738046025,0.6838520465998421,328
OniPillow2.csv,Oni,Pillow2,3,2.420017199998256,17.805852133807207,18.85765448124173,20.316534770474533,53.30508556425759,0.7400125287470461,266
OniPillow2.csv,Oni,Pillow2,4,2.533989300020039,18.17663956953159,19.59625152342329,20.704876294148658,54.758261427311176,0.6792902001392712,278
OniWood1.csv,Oni,Wood1,0,1.594524200016167,92.41868044598868,14.314655739549664,82.58422744120237,144.8393066646426,0.9822749294527819,176
OniWood1.csv,Oni,Wood1,1,2.3303413999965414,49.542497011526436,43.41723628116429,55.223780906776966,136.4673754382556,0.7971369326963095,256
OniWood1.csv,Oni,Wood1,2,1.2531235000351515,139.85481861080663,-6.179422673148608,120.14201658162797,158.30805992879692,0.9874466321345498,138
OniWood1.csv,Oni,Wood1,3,1.4970185999991301,89.43426948882855,11.668790880866823,80.38376650527401,128.57970897069728,0.9716559847616562,165
OniWood1.csv,Oni,Wood1,4,1.1292814000043983,111.01937773541913,-2.3580938995790106,94.66500298796471,115.78845592641048,0.9843896972558668,125
OniWood1.csv,Oni,Wood1,5,2.2323559999931604,41.89105097627278,32.75076776817274,40.129383470357915,104.8978342613475,0.7801766681997451,245
OniWood2.csv,Oni,Wood2,0,3.054450700001329,39.8576054324701,15.036414808242412,44.21043824329996,138.3882232246985,0.8296943064826694,336
OniWood2.csv,Oni,Wood2,1,3.3184001000481693,57.15069992989278,2.4308395166164587,49.53137275161305,173.02001750873856,0.9326139710706347,365
OniWood2.csv,Oni,Wood2,2,0.7124221000121906,112.14804100500768,39.79766003476371,141.78483358190542,138.62098374217095,0.8630876460015472,79
OniWood2.csv,Oni,Wood2,3,2.672261100029573,44.69273934857045,33.017277511033946,48.4640277269767,150.00246467943347,0.8134828264786357,294
OniWood2.csv,Oni,Wood2,4,1.8768396999803443,58.72055866994279,57.16592545861492,59.749357334493254,160.62560157661204,0.9726723634044497,206
OniWood2.csv,Oni,Wood2,5,2.0871944000246003,60.52418623060012,55.396981397820156,63.228429342781986,162.24050849872168,0.8665110436716104,230
OniWood2.csv,Oni,Wood2,6,1.917100299964659,102.69945962372155,-14.41848190918678,82.208408565636,162.12881922179176,0.95329261280697,211
