time,world_time,pos_x[mm],pos_y[mm],pos_z[mm],thumbPos_x[mm],thumbPos_y[mm],thumbPos_z[mm],indexPos_x[mm],indexPos_y[mm],indexPos_z[mm],middlePos_x[mm],middlePos_y[mm],middlePos_z[mm],upperPalmPos_x[mm],upperPalmPos_y[mm],upperPalmPos_z[mm],sidePalmPos_x[mm],sidePalmPos_y[mm],sidePalmPos_z[mm],thumbPalmPos_x[mm],thumbPalmPos_y[mm],thumbPalmPos_z[mm],Wrist_qx,Wrist_qy,Wrist_qz,Wrist_qw,Wrist_yaw[rad],Wrist_pitch[rad],Wrist_roll[rad],V_SidePalm[N],V_ThumbPalm[N],V_UpperPalm[N],V_Middle[N],V_Index[N],V_Thumb[N]
3.030082700017374,494013.6823618,0.19049644470214844,0.3548562526702881,-0.6019473075866699,-0.5356896051815774,1.1220799582095375,-0.0337892055903774,2.0271022538829175,-0.4683966283580143,-1.7112810555156739,7.065205818376441,-1.2125989301040585,-2.743788630623599,-0.7501840591430664,0.7164925336837769,-1.1344216763973236,-0.2225041389465332,0.5036741495132446,-0.927068293094635,-0.057756900787353516,0.47463178634643555,-0.45209750533103943,0.00014716697089094122,-0.007874338055812306,0.0022151355102040977,0.999966532598335,0.004428368744243721,-0.015749452121957636,0.00025947082199344963,0.0,0.0,0.0,0.0,0.0,0.0
3.1561005000257865,494013.8083796,1.9394159317016602,-1.3885498046875,-2.585306763648987,-2.9472071881644357,1.5244572775753307,-0.5510591276073549,-1.5477667375503046,0.6028739927796956,-3.4456115539475904,-7.923377743390914,2.224712227660963,-2.1146971966456274,-1.8275976181030273,-0.271722674369812,-4.472792148590088,0.08481740951538086,-0.9002089500427246,-3.7464089691638947,1.1603236198425293,-0.9064376354217529,-2.0038001239299774,-0.0038560131783112045,-0.030720470788237683,0.006046334988678237,0.9995022889769299,0.012347150103012784,-0.061402308584095906,-0.008095024066357683,0.0,0.0,0.0,0.0,0.0,0.0
3.1651751000317745,494013.8174542,1.9299983978271484,-1.457512378692627,-2.536892890930176,-2.789773900560677,1.6014162654938435,-0.47840104850351006,-2.2761976459011457,0.5212879701030348,-3.176124378468625,-14.427029745271103,4.132012908919236,1.1083811662014105,-1.8027424812316895,-0.28461217880249023,-4.424210637807846,0.0699758529663086,-0.9430646896362305,-3.724224865436554,1.1797547340393066,-0.9492263197898865,-1.9407570362091064,-0.00465098195131974,-0.030531811721976554,0.006448706936183539,0.9995021715927953,0.01319994138568533,-0.061011082343455605,-0.009709331971547372,0.0,0.0,0.0,0.0,0.0,0.0
3.174197600048501,494013.8264767,1.8996000289916992,-1.542598009109497,-2.5076866149902344,-3.119832515762422,1.5276704323947676,-0.3863235482872082,-2.655988196447856,0.4775138604706797,-3.1184537334060325,-14.787398623717696,4.073893007017714,1.1837279886048462,-1.9524693489074707,-0.3114044666290283,-4.455819725990295,0.01728534698486328,-1.0064691305160522,-3.7236101925373077,1.0897517204284668,-1.034282147884369,-1.8955022096633911,-0.0038022469083079866,-0.03151430286066071,0.006826380905637683,0.9994727570861479,0.013913250464752372,-0.06298509984207873,-0.008046784353316523,0.0,0.0,0.0,0.0,0.0,0.0
3.183211100054905,494013.8354902,1.8547773361206055,-1.5363693237304688,-2.59573757648468,-3.0052348209657076,1.4789883557346228,-0.5250796226109813,-5.1126697947714295,-0.16550513196766925,-2.4917583096524565,-19.94158290641712,5.356771836173502,3.9616303065898584,-1.9177794456481934,-0.31967461109161377,-4.511445760726929,0.014841556549072266,-1.00766122341156,-3.7925615906715393,1.0576844215393066,-1.0368376970291138,-1.9945912063121796,-0.0036633076778399137,-0.0308887280749926,0.006778942134975666,0.9994931278394552,0.013804056854912983,-0.06173568418436889,-0.007756541666797815,0.0,0.0,0.0,0.0,0.0,0.0
3.192219800024759,494013.8444989,1.7387866973876953,-1.3496875762939453,-2.698555588722229,-3.2425879019168935,1.5633541330186684,-0.6396490393282064,-5.34297306931264,-0.09940868578262041,-2.5912983371681793,-20.152694561206495,5.406062658038224,3.8832982816630595,-2.0580291748046875,-0.14910101890563965,-4.619196057319641,-0.08791685104370117,-0.830039381980896,-3.8822032511234283,0.9122490882873535,-0.8678659796714783,-2.1044276654720306,-0.0029086910276811054,-0.031049210212144285,0.006669048628042681,0.9994913755766502,0.01353842055063784,-0.06206788351993596,-0.006240617896123815,0.0,0.0,0.0,0.0,0.0,0.0
3.201228300051298,494013.8535074,1.662135124206543,-1.169145107269287,-2.7070045471191406,-3.141864781128323,1.6428946275225675,-0.7181950851521193,-6.193807717653765,-0.3066419557518629,-2.334030733284644,-24.319598032349177,6.784491750630838,6.487584220866912,-2.0667314529418945,-7.450580596923828e-05,-4.592668265104294,-0.11795759201049805,-0.6642341613769531,-3.860805183649063,0.836491584777832,-0.7063373923301697,-2.1291226148605347,-0.002443219931643786,-0.03048418221482714,0.006492776604495957,0.9995111751066232,0.01315296226959752,-0.0609445551124207,-0.005289750501367031,0.32,0.0,0.0,0.0,0.0,0.0
3.210240500047803,494013.8625196,1.5761852264404297,-1.007169485092163,-2.619147300720215,-3.4229902962461534,1.5910997175199726,-0.6650475590183267,-7.198397174127624,-0.4971674113929958,-1.9838089747940582,-26.474559476872273,7.237313715367288,7.9615782237271535,-2.201855182647705,0.13047456741333008,-4.509598016738892,-0.17243623733520508,-0.5187541246414185,-3.741893917322159,0.6868839263916016,-0.5836188793182373,-2.056460827589035,-0.0007951859109816513,-0.030802947426418217,0.006266985318367875,0.9995055132435398,0.01260099722620655,-0.06160442319885759,-0.0019794248075926764,0.32,0.0,0.0,0.0,0.0,0.0
3.220137100026477,494013.8724162,1.3058185577392578,-0.4978775978088379,-2.485319972038269,-3.6318519269811222,1.7332620075411198,-0.6688394765017245,-7.434581438107379,-0.48800348042865593,-1.81545294973659,-26.865336718497,7.416517735287453,8.41480364089362,-2.238631248474121,0.6260573863983154,-4.280734807252884,-0.23680925369262695,-0.024273991584777832,-3.526311367750168,0.37539005279541016,-0.1408606767654419,-1.9668079912662506,0.0018204184077191057,-0.028975961113387017,0.006377082385521284,0.9995581086533312,0.012664652826280702,-0.057982014654110695,0.0032751735078545637,0.32,0.0,0.0,0.0,0.0,0.0
3.2291591000393964,494013.8814382,1.1708736419677734,-0.21010637283325195,-2.3745298385620117,-3.5218973296506917,1.7779271062290658,-0.6885785438507444,-7.122712384960428,-0.49131652848960483,-1.765228659646711,-26.52435398904629,7.36855147271076,8.431066630712687,-2.126753330230713,0.8729398250579834,-4.063636064529419,-0.21505355834960938,0.241890549659729,-3.34293395280838,0.2561211585998535,0.10453164577484131,-1.8956251442432404,0.002957239794807386,-0.027023119903298524,0.006250426938203652,0.9996108932412542,0.012354543486721005,-0.05408854752848468,0.005582559202601068,0.32,0.0,0.0,0.0,0.0,0.0
3.238224500033539,494013.8905036,1.0391473770141602,0.13849139213562012,-2.1345168352127075,-3.345767615805073,1.763142586604094,-0.6340097588814,-7.063151345875207,-0.6692744982550458,-1.4889993993498636,-26.61651719208402,7.330459857548821,8.960103894343302,-2.0146965980529785,1.1061429977416992,-3.7026219069957733,-0.18090009689331055,0.5355775356292725,-2.996820956468582,0.12916326522827148,0.38476288318634033,-1.7139464616775513,0.0046246326840460724,-0.025002873017160518,0.005598132650717738,0.999661007554186,0.010975181566264657,-0.0500614807373508,0.008977558792808751,0.32,0.0,0.0,0.0,0.0,0.0
3.2472272000159137,494013.8995063,0.9126663208007812,0.4298090934753418,-1.83790922164917,-3.1601839346071525,1.6904389543755949,-0.5176434123495208,-6.669951829674892,-0.8365413881754047,-1.2636849662060312,-26.20204681855909,7.129325150637134,9.159113693679258,-1.872241497039795,1.2742280960083008,-3.265887498855591,-0.14919042587280273,0.7720589637756348,-2.590429037809372,0.03254413604736328,0.6147176027297974,-1.475796103477478,0.005756873159194126,-0.02277243795028229,0.004864411426680679,0.9997122645955193,0.009473818603497015,-0.04560358384519058,0.011300873781123011,0.32,0.0,0.0,0.0,0.0,0.0
3.2562392000108957,494013.9085183,0.7064342498779297,0.7570087909698486,-1.588761806488037,-2.7375462622831748,1.7573823100389407,-0.47343067820643236,-6.148996802969764,-0.8956157338164683,-1.0643609709154005,-26.657277097585474,7.285410978225104,9.986261971798628,-1.7213821411132812,1.4703422784805298,-2.8409287333488464,-0.1844167709350586,1.0420233011245728,-2.226267009973526,-0.09638071060180664,0.8926689624786377,-1.2878626585006714,0.006073005291846538,-0.019857027252796002,0.004105235596425095,0.9997759569604106,0.007973836124839486,-0.03976549841760002,0.0119900194861343,0.32,0.0,0.0,0.0,0.0,0.0
3.265257899998687,494013.917537,0.4557371139526367,0.929802656173706,-1.3521909713745117,-1.5346391989252695,1.8115072627900852,-0.5298541466353252,-4.494997789054711,-0.8967832321587488,-0.9959935141920575,-25.065876403851384,7.31030691512824,9.822705391893713,-1.186370849609375,1.535072922706604,-2.2500120103359222,-0.13083219528198242,1.1715590953826904,-1.8361173570156097,-0.10538101196289062,1.0481029748916626,-1.1276938021183014,0.00418123554095895,-0.01363745544737951,0.0036814593895047633,0.9998914860798822,0.0072508435206421135,-0.02730613051295279,0.008264327051563576,0.32,0.0,0.0,0.0,0.0,0.0
3.274269900051877,494013.926549,0.31447410583496094,1.3166069984436035,-1.2601912021636963,-1.7846756255781582,1.8589401962190444,-0.5301291962901827,-4.6509318996426074,-0.9117638222873037,-0.8987214714510395,-25.75526384003379,7.44393839630153,10.423073475619292,-1.2461543083190918,1.8803328275680542,-2.114243805408478,-0.15538930892944336,1.5345960855484009,-1.6783885657787323,-0.3038644790649414,1.3739243149757385,-1.0705478489398956,0.006501332722017979,-0.012946615322302624,0.003453725334236008,0.9998890886522613,0.006740662468599263,-0.02593817481478746,0.012916499021540281,0.32,0.0,0.0,0.0,0.0,0.0
3.2832970000454225,494013.9355761,0.2014636993408203,1.5340447425842285,-1.001298427581787,-1.4986893964759052,1.8870326768047063,-0.3987117906264562,-4.170566312676094,-0.9293132705528451,-0.693416194912061,-25.27220160536281,7.4044955820615765,10.567471589329504,-1.0811090469360352,2.042233943939209,-1.7216838896274567,-0.12558698654174805,1.7271637916564941,-1.3401806354522705,-0.3647804260253906,1.558937132358551,-0.8507110178470612,0.006890028102841818,-0.010710665045312678,0.003183695636569603,0.999913832912178,0.006220722191530625,-0.021465004064391686,0.013714258894907575,0.32,0.0,0.0,0.0,0.0,0.0
3.292324500042014,494013.9446036,0.10836124420166016,1.6888082027435303,-0.6712526082992554,-1.2104862914992243,1.9131409915041087,-0.17100036837287141,-3.7348005502149118,-0.9364395734925979,-0.39480686997117254,-24.86902161371507,7.4011491326482215,10.869017778726844,-0.9275078773498535,2.160578966140747,-1.2715458869934082,-0.09542703628540039,1.8665343523025513,-0.943988561630249,-0.40787458419799805,1.689821481704712,-0.5517490208148956,0.007096284103920172,-0.00873295025867203,0.003023356629234669,0.9999321165191108,0.005923302291671442,-0.017508518586896667,0.01414143783953591,0.32,0.0,0.0,0.0,0.0,0.0
3.3013387000537477,494013.9536178,0.03528594970703125,1.7830431461334229,-0.4547238349914551,-0.9674768003831158,1.9584781072919388,-0.020589405506955816,-3.3676692790114426,-0.9020987074634945,-0.21066557777163314,-24.508207378444837,7.428770022641251,10.998439897712974,-0.807642936706543,2.24246084690094,-0.9678080677986145,-0.08052587509155273,1.9551366567611694,-0.687766820192337,-0.4336833953857422,1.775585114955902,-0.35353004932403564,0.006967784550950221,-0.007209576253036306,0.003021194440225465,0.9999451706833018,0.005942244308016449,-0.01446096798437694,0.01389314148941383,0.32,0.0,0.0,0.0,0.0,0.0
3.310873200010974,494013.9631523,-0.04553794860839844,1.788407564163208,-0.30356645584106445,-0.7738411777651333,1.9453720333628965,0.0814556052074547,-3.09262849437264,-0.9317537973112522,-0.07204027593345035,-24.26354316885582,7.4139947372768304,11.185145856076065,-0.7261037826538086,2.253323793411255,-0.7477998733520508,-0.0814199447631836,1.9617825746536255,-0.5074851214885712,-0.48041343688964844,1.7748400568962097,-0.21554157137870789,0.006979554146756224,-0.005946427523290887,0.003138311781492216,0.9999530373086454,0.0061938028026297,-0.01193638800227052,0.01392257081365245,0.0,0.0,0.0,0.0,0.0,0.0
3.3205008000368252,494013.9727799,-0.1392364501953125,1.701444387435913,-0.15278160572052002,-0.5559803751633563,2.111915327898534,0.26404772815368655,-2.819665863721399,-0.7072743189067698,0.07425462905645899,-23.600432917136427,7.523733730445237,11.078503606164698,-0.6880760192871094,2.273187041282654,-0.573188066482544,-0.13625621795654297,1.9190162420272827,-0.39145350456237793,-0.521540641784668,1.728653907775879,-0.04533305764198303,0.005919931295686874,-0.00505890599811631,0.003990100214793239,0.999961719759228,0.00792049018828623,-0.010164841966693873,0.011799921694303437,0.0,0.0,0.0,0.0,0.0,0.0
3.3295056000351906,494013.9817847,-0.24688243865966797,1.5465319156646729,-0.13935565948486328,-0.27122612022267845,2.1240192520435572,0.2795116979351364,-2.4571575112002364,-0.6421820055589889,0.06915638607030497,-21.522848184643006,7.061952330082388,10.096220179486341,-0.6600618362426758,2.142280340194702,-0.5115456879138947,-0.2263188362121582,1.7752796411514282,-0.38715824484825134,-0.5533099174499512,1.6049593687057495,-0.025447458028793335,0.004458410470306026,-0.004040540551687918,0.004237232797539514,0.9999729208665342,0.008438585593474364,-0.00811873411004249,0.008882747613912804,0.0,0.0,0.0,0.0,0.0,0.0
3.3385240000206977,494013.9908031,-0.22876262664794922,1.4357566833496094,-0.15375018119812012,-0.22496218603107465,2.2134401805659065,0.3255409229102474,-2.4476010984868513,-0.49962783465296035,0.06470887459782138,-21.528801878028638,7.219517881770887,10.069963267890392,-0.667273998260498,2.103567123413086,-0.557534396648407,-0.240325927734375,1.6959011554718018,-0.44717639684677124,-0.5214214324951172,1.527927815914154,-0.01607462763786316,0.003659196622429438,-0.00433370733143379,0.0047520559350671815,0.9999726232378734,0.009472636222285653,-0.008702064619410713,0.0072773446235419904,0.0,0.0,0.0,0.0,0.0,0.0
3.3475274000084028,494013.9998065,-0.2161264419555664,1.3188421726226807,-0.18358230590820312,-0.3665966558921152,2.2161970141431064,0.3667085159329911,-2.2620847903052077,-0.26913861599503486,-0.017741942747624695,-18.499285802607403,6.664065208039361,8.530271045981666,-0.7543563842773438,2.0422935485839844,-0.6429292261600494,-0.2821683883666992,1.6041994094848633,-0.5210712552070618,-0.5243420600891113,1.434043049812317,-0.0233575701713562,0.003309669258679246,-0.005180748848980115,0.0050998435526832635,0.9999680982543895,0.010165792915753135,-0.01039511195105768,0.0065666873126392295,0.0,0.0,0.0,0.0,0.0,0.0
3.3565349000273272,494014.008814,-0.17249584197998047,1.1859238147735596,-0.2503395080566406,-0.38713751369323646,2.262061427599271,0.36795837468175246,-2.3490863902608794,-0.1768577291088036,-0.06752441508304889,-18.600996743380005,6.7704397957430995,8.472449290653659,-0.7865428924560547,1.9711405038833618,-0.7603801786899567,-0.29098987579345703,1.498490571975708,-0.6364807486534119,-0.4820823669433594,1.3313144445419312,-0.06547942757606506,0.0026700527339922203,-0.0058565676766061244,0.005513388469952047,0.9999640863456181,0.010996085905620864,-0.0117424266157051,0.005275722807817231,0.0,0.0,0.0,0.0,0.0,0.0
3.365536500001326,494014.0178156,-0.17070770263671875,1.0708868503570557,-0.34505128860473633,-0.6028011796590516,2.3025203399200667,0.3637203061733832,-2.2217822151400224,0.1610886565939218,-0.21150795901806774,-16.67904150582178,6.264610557203898,7.389443819219443,-0.8947253227233887,1.945406198501587,-0.9290985763072968,-0.3371238708496094,1.4205574989318848,-0.7889829576015472,-0.5095005035400391,1.2431144714355469,-0.13170763850212097,0.00254949887814708,-0.006832751812305985,0.006117051862933726,0.9999546965911246,0.012200156236874992,-0.013696503591217931,0.00501566563524138,0.0,0.0,0.0,0.0,0.0,0.0
3.374540600052569,494014.0268197,-0.12445449829101562,0.9697377681732178,-0.4578232765197754,-0.6400215301676226,2.3004438306561683,0.2964032574131678,-2.3056704455730603,0.18685217269709398,-0.31084238889891175,-16.76941657497233,6.295853881828406,7.288801668773713,-0.9117722511291504,1.8842071294784546,-1.0805986821651459,-0.32585859298706055,1.3366937637329102,-0.9330324828624725,-0.4729032516479492,1.1584460735321045,-0.22882595658302307,0.0023066773392030966,-0.007380264158940097,0.006377307128732805,0.9999497691856242,0.012721660234315304,-0.01478974683482107,0.004519500188544476,0.0,0.0,0.0,0.0,0.0,0.0
3.383561000053305,494014.0358401,-0.08034706115722656,0.943303108215332,-0.5943775177001953,-0.8085024703348154,2.2480672245310807,0.18667081494121163,-2.2495255676378,0.2127945281552024,-0.5027403558478996,-14.227065526768667,5.355052211166223,5.837544857717338,-0.9757876396179199,1.837804913520813,-1.2586042284965515,-0.3307461738586426,1.3022273778915405,-1.079745590686798,-0.45555830001831055,1.1287406086921692,-0.36162883043289185,0.0024774308259209454,-0.00819885984796304,0.00617779096075767,0.9999442364114819,0.012316241986568293,-0.016428154339817924,0.004853957713122562,0.0,0.0,0.0,0.0,0.0,0.0
3.392562800028827,494014.0448419,0.00476837158203125,0.9901225566864014,-0.773400068283081,-0.9426565935855002,2.2042694568562005,0.012364538224417243,-2.458429067632384,0.13812210306429762,-0.6696596672109024,-14.437463291672614,5.279503684845532,5.70591689240319,-1.0139942169189453,1.8339604139328003,-1.476883888244629,-0.29671192169189453,1.3279467821121216,-1.255962997674942,-0.4056096076965332,1.1610537767410278,-0.5439333617687225,0.0028975558002664807,-0.009095285999039327,0.005747456151567478,0.9999379214185078,0.011443640440069743,-0.018223758587609887,0.005691178059816198,0.0,0.0,0.0,0.0,0.0,0.0
3.4015771000413224,494014.0538562,0.02777576446533203,1.0263919830322266,-0.8580684661865234,-1.156958937440944,2.1595772309985497,-0.0588908667767743,-2.2122989125383796,0.22271375953603068,-0.8745352342590107,-12.586275903317956,4.563767123296037,4.637811606904685,-1.0947585105895996,1.8303245306015015,-1.5933401882648468,-0.3139972686767578,1.347869634628296,-1.3371780514717102,-0.4146695137023926,1.1839792132377625,-0.6314367055892944,0.003317859121012637,-0.009849562184986862,0.005401216955252478,0.9999314000425328,0.010738631394893906,-0.019734894951838874,0.006530181790614237,0.0,0.0,0.0,0.0,0.0,0.0
3.411688200023491,494014.0639673,0.09119510650634766,1.0530352592468262,-1.0108351707458496,-1.3774207706938046,2.0300277889823413,-0.21531691749759885,-2.0312046415811302,0.1634827696940233,-1.1381636121164247,-11.526036644921245,4.105209860015668,3.959161489411363,-1.133739948272705,1.7911791801452637,-1.7708837985992432,-0.28228759765625,1.3465732336044312,-1.4719627797603607,-0.39070844650268555,1.1853501200675964,-0.7948912680149078,0.004044628056549558,-0.010560458717190881,0.00487173603727559,0.9999241890681263,0.009659619851264258,-0.021160304040667266,0.007987620438580532,0.0,0.0,0.0,0.0,0.0,0.0
3.4207795000402257,494014.0730586,0.14674663543701172,1.0762214660644531,-1.0692179203033447,-1.289281550266086,1.9963311626574887,-0.297581804908055,-1.9383734366782424,0.10768500585806029,-1.202288833295706,-11.435462601706359,4.049558154022137,3.902843454909275,-1.065671443939209,1.7764121294021606,-1.8132925033569336,-0.22464990615844727,1.354217529296875,-1.5133284032344818,-0.3286004066467285,1.199662685394287,-0.8620433509349823,0.0040496672872117395,-0.010415131111477354,0.00459897774312681,0.9999269846556357,0.009115038966067213,-0.02086750438931217,0.008004773540705879,0.0,0.0,0.0,0.0,0.0,0.0
3.429802500002552,494014.0820816,0.15974044799804688,1.1310577392578125,-1.1053681373596191,-1.5375940538704391,1.9561422727706612,-0.32038822781672166,-2.092291860898321,0.07209270638797172,-1.2613627815026702,-11.032841127444959,3.886515026704007,3.6462036171561394,-1.1533498764038086,1.8028467893600464,-1.880209892988205,-0.23931264877319336,1.3974010944366455,-1.5440583229064941,-0.35750865936279297,1.2372732162475586,-0.901300460100174,0.004744953271304454,-0.011153732771881683,0.004336319677304079,0.9999171345643412,0.00856831730838507,-0.022348628626747948,0.009394872114104948,0.0,0.0,0.0,0.0,0.0,0.0
3.4388050000416115,494014.0910841,0.18548965454101562,1.1497735977172852,-1.1342018842697144,-1.408241216199535,1.9147414576607957,-0.3858277624936776,-1.93452665714422,0.0071281835470893284,-1.3016807462402584,-10.876487020948122,3.8215186282098412,3.6095489513502996,-1.07574462890625,1.7809569835662842,-1.8755383789539337,-0.19562244415283203,1.3995170593261719,-1.5488378703594208,-0.31363964080810547,1.246631145477295,-0.9421482682228088,0.00466468031729924,-0.01069905812511636,0.004062377836821406,0.9999236310834363,0.008026249951872016,-0.02143602310256456,0.00924397628523478,0.0,0.0,0.0,0.0,0.0,0.0
3.447821300011128,494014.1001004,0.19550323486328125,1.2105703353881836,-1.143038272857666,-1.6670174140251959,1.959748629628888,-0.35741941190292614,-1.6027131311020515,0.09628178692439038,-1.5024728083561367,-9.796327910025493,3.473449063386702,2.9680990337598128,-1.1637210845947266,1.8346458673477173,-1.9274502992630005,-0.21409988403320312,1.4555901288986206,-1.5661008656024933,-0.34332275390625,1.2986809015274048,-0.948537141084671,0.0052364474429859855,-0.011456644959184449,0.003977094104488164,0.9999127500071895,0.007835654458401049,-0.02295495831250622,0.010383775008539296,0.0,0.0,0.0,0.0,0.0,0.0
3.4568402000004426,494014.1091193,0.2104043960571289,1.2597441673278809,-1.1609047651290894,-1.7218480059193464,2.063793386975293,-0.3438556975282961,-1.1739213255892444,0.2617093965608941,-1.6572283116967832,-9.05727783794541,3.3809859008888665,2.567480348343561,-1.1598467826843262,1.903429627418518,-1.9476786255836487,-0.2033710479736328,1.515015959739685,-1.5897229313850403,-0.33146142959594727,1.3518333435058594,-0.9616054594516754,0.005203501170144488,-0.01155460018230503,0.004094357837666443,0.9999113215801172,0.008069991020802313,-0.023151829271264582,0.010314409140018034,0.0,0.0,0.0,0.0,0.0,0.0
3.4658674000529572,494014.1181465,0.2142190933227539,1.2625455856323242,-1.160740852355957,-1.7028979932123267,2.0916877803062173,-0.33808183564711797,-1.1456358626684704,0.30006301375518074,-1.6568031243452808,-9.026473491001497,3.419411865593691,2.5621643090345745,-1.1437535285949707,1.924067735671997,-1.9473135471343994,-0.19246339797973633,1.5250742435455322,-1.5945583581924438,-0.3260374069213867,1.3585165143013,-0.9587220847606659,0.005178137221146995,-0.011481423234367351,0.004231440728028844,0.9999117254662021,0.008345535055330068,-0.023006670940229266,0.010261089852669757,0.0,0.0,0.0,0.0,0.0,0.0
3.4748814000049606,494014.1271605,0.22602081298828125,1.240164041519165,-1.1333823204040527,-1.6010128011167968,2.111545067502746,-0.3116337383945664,-0.9309702512669826,0.3399343880259864,-1.6570518066907383,-8.755745043470542,3.416948995904223,2.513688154216275,-1.0730624198913574,1.9229501485824585,-1.8996745347976685,-0.15729665756225586,1.5119165182113647,-1.5671662986278534,-0.29653310775756836,1.342572271823883,-0.9304657578468323,0.004960126843959772,-0.011048167101997602,0.0044111528302469075,0.9999169349881452,0.008714218168872256,-0.022140067261742967,0.009824525168433556,0.0,0.0,0.0,0.0,0.0,0.0
3.4838859000010416,494014.136165,0.21779537200927734,1.249253749847412,-1.1119693517684937,-1.6237351749019968,2.1522312202242597,-0.2775120191322103,-0.9433748686291654,0.39792643192543276,-1.6332231111065922,-8.761342796245186,3.473541664132551,2.5309859125000855,-1.0756254196166992,1.9634664058685303,-1.8846504390239716,-0.15586614608764648,1.5335381031036377,-1.5552826225757599,-0.3101825714111328,1.3561919331550598,-0.9040609002113342,0.005056935891469813,-0.011042798333797881,0.004646281176511273,0.9999154444629694,0.009182469096546889,-0.022132527987968,0.010013020316584525,0.0,0.0,0.0,0.0,0.0,0.0
3.492912200046703,494014.1451913,0.21195411682128906,1.242905855178833,-1.0603666305541992,-1.4650800006557052,2.229907544991722,-0.22791220653940042,-0.6276747479561084,0.4905458186320044,-1.6242629037192535,-8.29247940294131,3.506471762103669,2.4248978078513037,-1.0013580322265625,1.9895285367965698,-1.8135905265808105,-0.1373291015625,1.5397220849990845,-1.5124119818210602,-0.28508901596069336,1.3653114438056946,-0.8482486009597778,0.004542154286526954,-0.010471014632223502,0.004933872331184644,0.9999226888069042,0.009774167851020461,-0.02098677158093911,0.008982379763907467,0.0,0.0,0.0,0.0,0.0,0.0
3.50191900000209,494014.1541981,0.23996829986572266,1.2809038162231445,-1.062646508216858,-1.491313080741019,2.2636624459559105,-0.22260309215321045,-0.658672994163334,0.5287066799829487,-1.6235818798465105,-8.31803784799634,3.54245393906516,2.427680337248954,-0.9911060333251953,2.037748694419861,-1.8263459205627441,-0.1099705696105957,1.5814900398254395,-1.5188604593276978,-0.26863813400268555,1.402139663696289,-0.8486099541187286,0.0047391504616196905,-0.01062163702621227,0.005002335873189981,0.9999198457454463,0.00990560167815304,-0.021290593388498587,0.009373536820374338,0.0,0.0,0.0,0.0,0.0,0.0
3.5119401999982074,494014.1642193,0.2601146697998047,1.3461112976074219,-0.9996294975280762,-1.4678718223961607,2.3033043509454454,-0.17505154495273817,-0.5558663658651319,0.5379855151543822,-1.5946276979083365,-8.115029947947994,3.4955939937186264,2.390720800720095,-0.9682178497314453,2.087712287902832,-1.7677471041679382,-0.08803606033325195,1.6376078128814697,-1.4539062976837158,-0.24896860122680664,1.4643296599388123,-0.788956880569458,0.004806627315237725,-0.010597211396244779,0.00491881376495145,0.9999201971735652,0.009737319293840717,-0.021241614582142215,0.00951052490849706,0.0,0.0,0.0,0.0,0.0,0.0
3.521293100027833,494014.1735722,0.24962425231933594,1.3220012187957764,-0.9910464286804199,-1.285265290769999,2.328057443300363,-0.17860402399655362,-0.2776071419339221,0.5838640008170581,-1.5955020742147477,-7.7675277671773735,3.529564153710474,2.3275157848729378,-0.8757114410400391,2.083122730255127,-1.7071254551410675,-0.06198883056640625,1.6257315874099731,-1.433294266462326,-0.22339820861816406,1.447245478630066,-0.7821880280971527,0.004346041864801302,-0.009798410016670716,0.005072470498600899,0.9999296840899843,0.010061169296589125,-0.019640795153961672,0.008593831535459983,0.0,0.0,0.0,0.0,0.0,0.0
3.5306966000352986,494014.1829757,0.2168416976928711,1.3228952884674072,-0.9515583515167236,-1.1765789609361477,2.3786042185332534,-0.14597112615596236,-0.12585429370171042,0.6491342623192731,-1.5617263978165794,-7.6145428658416225,3.597254389686666,2.345404581290799,-0.8344054222106934,2.106413245201111,-1.6419775784015656,-0.06699562072753906,1.6361474990844727,-1.3933219015598297,-0.23227930068969727,1.4563053846359253,-0.7419697940349579,0.00403666775368619,-0.009249527475366377,0.005270642567136412,0.9999351838403618,0.010467917801327739,-0.01854146994385347,0.007976766006874747,0.0,0.0,0.0,0.0,0.0,0.0
3.5397006000275724,494014.1919797,0.26917457580566406,1.3630688190460205,-0.9276866912841797,-1.0845318045222818,2.3903733985056466,-0.14013236615179753,-0.01586985225343618,0.6474396443481023,-1.5455275730568585,-7.37080968262549,3.5588055704745547,2.292117562467057,-0.7591843605041504,2.129465341567993,-1.6062669456005096,-0.005364418029785156,1.6684532165527344,-1.3600662350654602,-0.17338991165161133,1.492224633693695,-0.7234029471874237,0.004039978867656398,-0.009054210806493093,0.005163624744904199,0.9999375164563606,0.010255315417641275,-0.018150008492381787,0.00798734826307968,0.0,0.0,0.0,0.0,0.0,0.0
3.5487205000245012,494014.2009996,0.3070831298828125,1.4454126358032227,-0.9007453918457031,-1.2925250256883292,2.406474409832132,-0.09470240643318778,-0.28061416944469286,0.6524432899535082,-1.5078588501923202,-7.629000446316647,3.557788392271777,2.3514286114044487,-0.8338093757629395,2.200201153755188,-1.624520868062973,-0.00035762786865234375,1.744970679283142,-1.3394318521022797,-0.18078088760375977,1.56296044588089,-0.6947442889213562,0.004702130909803092,-0.009914554158357835,0.005029235398336335,0.9999271465322142,0.009966632583806966,-0.019876268657842033,0.00930582386450391,0.0,0.0,0.0,0.0,0.0,0.0
3.5577266000327654,494014.2100057,0.32126903533935547,1.4473497867584229,-0.9053945541381836,-1.146858779198956,2.3795464650671336,-0.12935645248323552,-0.09874268139831166,0.6139310216928262,-1.5181297025862965,-7.3657060654044315,3.5070245147138523,2.2919285181932474,-0.7514357566833496,2.177909016609192,-1.5880502760410309,0.03808736801147461,1.7385035753250122,-1.3220012187957764,-0.1430511474609375,1.559622585773468,-0.7089078426361084,0.0045194737207956475,-0.009344392776402411,0.004869292112005634,0.9999342711774886,0.00965532467507037,-0.01873266600582915,0.008949041713179407,0.0,0.0,0.0,0.0,0.0,0.0
3.5667422000551596,494014.2190213,0.2911090850830078,1.4818012714385986,-0.9163469076156616,-1.3531141482419073,2.373502045309228,-0.1280984436873786,-0.3216444958997755,0.6076055482007181,-1.5317172631423726,-7.573813609161428,3.483804015932901,2.28020436487803,-0.8498430252075195,2.2207647562026978,-1.6417652368545532,-0.004708766937255859,1.7723143100738525,-1.3462267816066742,-0.20843744277954102,1.5888512134552002,-0.7165484130382538,0.005089818151620254,-0.009903131510055018,0.004933053291204602,0.9999258406115448,0.009766645178990006,-0.019856315664827436,0.01008333459967559,0.0,0.0,0.0,0.0,0.0,0.0
3.5757722000125796,494014.2280513,0.30791759490966797,1.4777183532714844,-1.0045021772384644,-1.2149021438165875,2.3715825412739253,-0.23548486053375645,-0.1488607745707693,0.6032563885429165,-1.6273379216073733,-7.400931181276826,3.4805354850930836,2.1784545305373726,-0.7714033126831055,2.2111237049102783,-1.7018765211105347,0.03409385681152344,1.7661750316619873,-1.4239773154258728,-0.17064809799194336,1.5853792428970337,-0.8093751966953278,0.004877436887322631,-0.009416197287097191,0.004920217831733575,0.9999316663125282,0.009749801522812058,-0.018880225454491036,0.009663420349125927,0.0,0.0,0.0,0.0,0.0,0.0
3.584791800007224,494014.2370709,0.3446340560913086,1.5240609645843506,-1.0696202516555786,-1.3071314990458216,2.3894914483292284,-0.2886075700323232,-0.2679128374041273,0.6257130653369858,-1.6850127161616035,-7.477177271084212,3.486214160358714,2.107591542972114,-0.7933974266052246,2.2548437118530273,-1.7915107309818268,0.05179643630981445,1.8110573291778564,-1.4946907758712769,-0.1558065414428711,1.627698540687561,-0.8723326027393341,0.005160922996649081,-0.009870061121268368,0.004874986008161854,0.999926087907854,0.00964941339788334,-0.019790273864720355,0.010227031174657513,0.0,0.0,0.0,0.0,0.0,0.0
3.594833400042262,494014.2471125,0.3542900085449219,1.5080571174621582,-1.082003116607666,-1.4519718859928865,2.384294820642702,-0.2694768770461417,-0.47840072129590183,0.6416297924264902,-1.6723632776203188,-7.616085523089788,3.4746364807302643,2.07956131339917,-0.8714199066162109,2.241373062133789,-1.8331371247768402,0.021636486053466797,1.7988085746765137,-1.51844322681427,-0.1671314239501953,1.6129836440086365,-0.8775778114795685,0.0052273851402444005,-0.01054189357825017,0.0048270349786391775,0.9999191180579035,0.009545352602354134,-0.0211341206284296,0.01035464986501267,0.0,0.0,0.0,0.0,0.0,0.0
3.603858200018294,494014.2561373,0.3141164779663086,1.478642225265503,-1.0651201009750366,-1.4779408140848105,2.3914426026545033,-0.24301029190739593,-0.4979671803739816,0.6622021868172845,-1.6542260649268348,-7.634511685064238,3.4961860698520253,2.0903711531349862,-0.9022951126098633,2.2339969873428345,-1.8184073269367218,-0.013947486877441406,1.7784982919692993,-1.509338617324829,-0.2053380012512207,1.5893727540969849,-0.856500118970871,0.005159768216809489,-0.010496866159595677,0.004992971877457918,0.999919128142175,0.009879161685151176,-0.021045113106681373,0.010216320740855631,0.0,0.0,0.0,0.0,0.0,0.0
3.6128789000213146,494014.265158,0.3141164779663086,1.478642225265503,-1.0651201009750366,-1.4779408140848105,2.3914426026545033,-0.24301029190739593,-0.4979671803739816,0.6622021868172845,-1.6542260649268348,-7.634511685064238,3.4961860698520253,2.0903711531349862,-0.9022951126098633,2.2339969873428345,-1.8184073269367218,-0.013947486877441406,1.7784982919692993,-1.509338617324829,-0.2053380012512207,1.5893727540969849,-0.856500118970871,0.005159768216809489,-0.010496866159595677,0.004992971877457918,0.999919128142175,0.009879161685151176,-0.021045113106681373,0.010216320740855631,0.0,0.0,0.0,0.0,0.0,0.0
3.6218872000463307,494014.2741663,0.2728700637817383,1.4004409313201904,-1.1780858039855957,-1.5559338537458611,2.294654957434167,-0.35695899738472786,-0.5609846241543259,0.611628086893079,-1.7595376343346372,-7.628836578207565,3.4179154799136025,1.9479736906012919,-0.9446144104003906,2.1710991859436035,-1.9422173500061035,-0.05131959915161133,1.704677939414978,-1.6305185854434967,-0.25141239166259766,1.513935625553131,-0.9666644036769867,0.005240855226354521,-0.010533935061749555,0.0051222926012072685,0.9999176624938271,0.01013576230486157,-0.021121396223388093,0.010375431952324732,0.0,0.0,0.0,0.0,0.0,0.0
3.6308996000443585,494014.2831787,0.2536773681640625,1.4022588729858398,-1.156628131866455,-1.7343323729639426,2.2757180798083088,-0.3140301206640342,-0.7920109168746414,0.6202727819716314,-1.7159858489662807,-7.831174885833292,3.4137821646105238,1.9836036197096956,-1.0467767715454102,2.1713227033615112,-1.9527450203895569,-0.1055002212524414,1.7066895961761475,-1.6198307275772095,-0.29343366622924805,1.5151053667068481,-0.9397454559803009,0.005399326150598301,-0.011173261275257602,0.005063742776889174,0.999910177975344,0.01000859786511214,-0.022401070397086956,0.01068741010556762,0.0,0.0,0.0,0.0,0.0,0.0
3.6399131000507623,494014.2921922,0.25844573974609375,1.363128423690796,-1.1111199855804443,-1.6719006322809538,2.231417560767529,-0.27987014957732426,-0.7279822383281509,0.566516700010733,-1.6741799519202645,-7.774287825879744,3.362149261092129,2.025522431681909,-1.0260343551635742,2.1128803491592407,-1.8950514495372772,-0.10287761688232422,1.660168170928955,-1.5673860907554626,-0.27567148208618164,1.4757812023162842,-0.8976273238658905,0.005177662289604887,-0.011025983262227987,0.004927073894286332,0.9999136679979708,0.009741652950954534,-0.022102883820646905,0.010248461547770624,0.0,0.0,0.0,0.0,0.0,0.0
3.6489260000525974,494014.3012051,0.23603439331054688,1.328200101852417,-1.0966956615447998,-1.6797157101335891,2.1627902536705546,-0.2790715883165748,-0.7328530214523177,0.520555225581365,-1.6517286434597176,-7.757674841164963,3.301985919107797,2.037306101595436,-1.0353922843933105,2.0682215690612793,-1.8739886581897736,-0.12087821960449219,1.6208142042160034,-1.5481039881706238,-0.29349327087402344,1.439020037651062,-0.8859969675540924,0.0051524553815567725,-0.010914709250223347,0.0048661208575642885,0.9999153175111,0.009621393708281582,-0.021879460486013726,0.010200431807147232,0.0,0.0,0.0,0.0,0.0,0.0
3.657945200044196,494014.3102243,0.22470951080322266,1.2880265712738037,-1.145884394645691,-1.7182544796183752,2.175446218271121,-0.30650013086862965,-0.7858376772762465,0.5496987581390389,-1.695622383649122,-7.813955070097522,3.3334812578666995,1.9862144383377724,-1.0665059089660645,2.053678035736084,-1.9387602806091309,-0.14275312423706055,1.5914589166641235,-1.6124844551086426,-0.30815601348876953,1.4074668288230896,-0.9273923933506012,0.005047203425714027,-0.011101513335353676,0.005043574860818276,0.9999129184543362,0.009976843926113968,-0.022253841855889724,0.009984183171751608,0.0,0.0,0.0,0.0,0.0,0.0
3.6669570000376552,494014.3192361,0.21445751190185547,1.283198595046997,-1.140594482421875,-1.8546057687738315,2.175625866355224,-0.2800976184351642,-0.9365444649238608,0.57947606388975,-1.682858042718118,-7.954350729162174,3.3585384110790817,1.9960478064872875,-1.129746437072754,2.073034644126892,-1.9662678241729736,-0.16921758651733398,1.5953034162521362,-1.6251951456069946,-0.33921003341674805,1.4065802097320557,-0.9141005575656891,0.005247101113318019,-0.011549085201257261,0.005206987940046839,0.9999059824991113,0.010294739254958045,-0.023152710393264025,0.01037591068879702,0.0,0.0,0.0,0.0,0.0,0.0
3.6759858000441454,494014.3282649,0.22411346435546875,1.2978613376617432,-1.1455714702606201,-1.8807998032213114,2.170029515421473,-0.2856134657478887,-0.9746267914176876,0.5670049071847538,-1.6865934253981942,-7.993384143387905,3.345342266958762,1.9976702240204498,-1.1398792266845703,2.076670527458191,-1.9766055047512054,-0.16754865646362305,1.6053617000579834,-1.6283541917800903,-0.33539533615112305,1.417987048625946,-0.9202472865581512,0.005329069297245664,-0.011689234316732881,0.005117252110716886,0.9999043837049366,0.010111888532688369,-0.023432918103255238,0.0105405749041047,0.0,0.0,0.0,0.0,0.0,0.0
3.6850148000521585,494014.3372939,0.20873546600341797,1.3231635093688965,-1.1257529258728027,-2.033111637378626,2.194136356336113,-0.24186686472151692,-1.144729296324698,0.610146274537704,-1.6581778029372065,-8.158887739247112,3.387358514877259,2.03034460414131,-1.2125968933105469,2.1191537380218506,-1.9842647016048431,-0.20039081573486328,1.6378164291381836,-1.6210675239562988,-0.37300586700439453,1.4440268278121948,-0.8940659463405609,0.005572864132063697,-0.012153480894263916,0.005213816721426148,0.999897020798999,0.010294337461430802,-0.024364981111062355,0.011021342762539698,0.0,0.0,0.0,0.0,0.0,0.0
3.6954246000386775,494014.3477037,0.2086162567138672,1.346886157989502,-1.1437088251113892,-1.9334164942026444,2.181748115930665,-0.28510348718720907,-0.9978052489538758,0.6054272089551782,-1.6784911157995877,-7.99682794268719,3.3835287897135413,2.0029822425722403,-1.1477470397949219,2.128973603248596,-1.9621290266513824,-0.17398595809936523,1.6581416130065918,-1.6184821724891663,-0.35375356674194336,1.4626756310462952,-0.9200982749462128,0.00546323865629987,-0.011616362817880007,0.0051189475052221085,0.9999045001972471,0.01011290597213007,-0.023288544036437202,0.010809648398003364,0.0,0.0,0.0,0.0,0.0,0.0
3.7044313000515103,494014.3567104,0.22733211517333984,1.3455748558044434,-1.1542737483978271,-1.9019079501276792,2.1512766982314524,-0.3073054627014196,-0.9566737402160186,0.5669460338893484,-1.691907502109586,-7.952794148858855,3.3434691942922923,1.9933279958660055,-1.1170506477355957,2.115890383720398,-1.964326947927475,-0.14775991439819336,1.651763916015625,-1.6209781169891357,-0.33408403396606445,1.4565140008926392,-0.9348131716251373,0.0055476837701880985,-0.011508066575262745,0.0050391359484664965,0.9999056929117758,0.009952448265809627,-0.02307192049283078,0.010981483065763341,0.0,0.0,0.0,0.0,0.0,0.0
3.7134375000023283,494014.3657166,0.21088123321533203,1.3542473316192627,-1.1740922927856445,-1.9836171876119746,2.1177460365957024,-0.33232287457923143,-0.9338168551860093,0.5154713663984567,-1.753647140417437,-7.982431994876693,3.3213584897895942,1.9571148099538638,-1.148998737335205,2.1239519119262695,-2.002369612455368,-0.1665353775024414,1.6566663980484009,-1.6475431621074677,-0.35965442657470703,1.4645010232925415,-0.95411017537117,0.005707846305804787,-0.011646452449233104,0.005060894971675521,0.9999030792921797,0.009990746362145695,-0.023350542869348158,0.011300024183592827,0.0,0.0,0.0,0.0,0.0,0.0
3.7224504000041634,494014.3747295,0.2378225326538086,1.360386610031128,-1.149296760559082,-1.962884896706596,2.1315817011239027,-0.30319005613482775,-0.898782867817749,0.5381030753845994,-1.7313371731421425,-7.95351471805783,3.350548414061072,1.978920525824433,-1.1255741119384766,2.1344125270843506,-1.979392021894455,-0.1442432403564453,1.6650855541229248,-1.6261041164398193,-0.3305673599243164,1.4736279845237732,-0.9273439645767212,0.005610086827507015,-0.011678316796446899,0.005087475423575461,0.9999031260259187,0.010045854764016506,-0.023413592449563,0.011103531823590489,0.0,0.0,0.0,0.0,0.0,0.0
3.7314591000322253,494014.3837382,0.2707242965698242,1.4026165008544922,-1.186370849609375,-1.9574904082044764,2.1892273048940702,-0.33060307282205964,-0.890581048630601,0.6063512900562062,-1.7659572620335393,-7.940037352290652,3.417744570831993,1.9415240381067573,-1.0970234870910645,2.1963566541671753,-2.023831009864807,-0.10728836059570312,1.7150789499282837,-1.6697905957698822,-0.3045797348022461,1.5179067850112915,-0.9610392153263092,0.005724142178352841,-0.011736308160345228,0.005231625122088367,0.9999010567879552,0.010330898445406925,-0.023532358863111908,0.011327730231129011,0.0,0.0,0.0,0.0,0.0,0.0
3.7404595999978483,494014.3927387,0.3167390823364258,1.4268457889556885,-1.2363195419311523,-2.0099284429171416,2.177881211921612,-0.3720667087615606,-0.8837455850523313,0.5935447135119176,-1.8340016591962134,-7.9721238139196515,3.428729337571712,1.8973247586876532,-1.0867118835449219,2.215176820755005,-2.0813271403312683,-0.07575750350952148,1.738712191581726,-1.7194375395774841,-0.26857852935791016,1.5394017100334167,-1.0100491344928741,0.005818198845487759,-0.011997127664476864,0.005159049286727067,0.9998977956273599,0.010180561583579861,-0.02405415532519598,0.011515006396346793,0.0,0.0,0.0,0.0,0.0,0.0
3.7494657000061125,494014.4017448,0.3533363342285156,1.436173915863037,-1.2923479080200195,-2.15186672910761,2.195034351189118,-0.3948485189681841,-1.078392131225625,0.617711686625888,-1.8770848510148743,-8.167523993111603,3.451850037624271,1.8611583034090946,-1.142263412475586,2.237871289253235,-2.1800994873046875,-0.07271766662597656,1.7532408237457275,-1.7933249473571777,-0.2625584602355957,1.549646258354187,-1.057606190443039,0.006100041772916315,-0.0127297206182415,0.005215645342750156,0.9998867639623044,0.010278334329181568,-0.025522960563185017,0.012070138783217856,0.0,0.0,0.0,0.0,0.0,0.0
3.758477600000333,494014.4107567,0.35059452056884766,1.4223158359527588,-1.3214349746704102,-1.932527939945805,2.13838616444878,-0.4746215611167934,-0.7418026291137192,0.5260995487829101,-1.9444459913705858,-7.870897861370407,3.3850266712207033,1.8085593206709303,-1.0266900062561035,2.192080020904541,-2.1468698978424072,-0.03272294998168945,1.7274916172027588,-1.7914064228534698,-0.22548437118530273,1.530088484287262,-1.1010132730007172,0.005772646063572507,-0.011765280329437187,0.005025820014884215,0.99990149308288,0.009917737878709015,-0.023588454731058507,0.01142932281375767,0.0,0.0,0.0,0.0,0.0,0.0
3.767484800016973,494014.4197639,0.35583972930908203,1.428753137588501,-1.3275444507598877,-1.9877684452533906,2.1255425309532616,-0.4766490769329071,-0.8087117293478219,0.5105406389091516,-1.9477833384652452,-7.935018966754859,3.367679762563469,1.8106258071917853,-1.0470151901245117,2.1961331367492676,-2.1631717681884766,-0.03355741500854492,1.7326176166534424,-1.7984025180339813,-0.23186206817626953,1.533113420009613,-1.106947660446167,0.005961798279789121,-0.011960659899755052,0.004997879105032088,0.9998982052091528,0.009855119684705595,-0.02398077582964989,0.011806495808551545,0.0,0.0,0.0,0.0,0.0,0.0
3.776494800054934,494014.4287739,0.41091442108154297,1.4373362064361572,-1.3466179370880127,-1.874543761995362,2.107456168925742,-0.5162295251881845,-0.6857719835122733,0.47454596933799165,-1.9790770142075216,-7.822068629168788,3.332531927870752,1.7819215385226437,-0.9769201278686523,2.174198627471924,-2.1740607917308807,0.01811981201171875,1.7273575067520142,-1.8098615109920502,-0.16367435455322266,1.539960503578186,-1.131393015384674,0.005758829736228911,-0.011817412067946797,0.004796662753548009,0.9999020835454411,0.009459072412803629,-0.023689972024116407,0.011406611336010656,0.0,0.0,0.0,0.0,0.0,0.0
3.785508500004653,494014.4377876,0.4843473434448242,1.4612972736358643,-1.3631582260131836,-2.0996742027230564,2.157212555719795,-0.4730296130072975,-1.028079060701792,0.5280102183970459,-1.972259753550136,-8.180146197589666,3.3884160040046907,1.8019582038833835,-1.0840892791748047,2.201557159423828,-2.2679083049297333,0.010609626770019531,1.7531365156173706,-1.8582269549369812,-0.1354813575744629,1.5684738755226135,-1.1328421533107758,0.005947536220322368,-0.013226294505238118,0.004735221962052151,0.9998836280385528,0.00931542167163503,-0.026508941114656695,0.011772837447064326,0.0,0.0,0.0,0.0,0.0,0.0
3.795270700007677,494014.4475498,0.46646595001220703,1.4572441577911377,-1.430600881576538,-2.090660387744858,2.145087931473305,-0.5470215180197677,-1.010405784062307,0.5252680065641613,-2.040445446581888,-8.12686993379308,3.39038779123646,1.713485928033047,-1.0904669761657715,2.189427614212036,-2.3280903697013855,-0.008702278137207031,1.7462223768234253,-1.9230768084526062,-0.14406442642211914,1.5658587217330933,-1.2014620006084442,0.005771993901348338,-0.013127472493008916,0.004678745635989866,0.9998862249734325,0.009208199930950385,-0.026309004129406118,0.011424036000903663,0.0,0.0,0.0,0.0,0.0,0.0
3.804298100003507,494014.4565772,0.45287609100341797,1.4527440071105957,-1.4196932315826416,-2.1167342023904467,2.118823961169886,-0.539557779179245,-1.0392984654326032,0.5056821248788368,-2.023649716762034,-8.095390410791437,3.3730907661010945,1.7056833830387512,-1.0982155799865723,2.183675765991211,-2.3109465837478638,-0.015616416931152344,1.741856336593628,-1.9069835543632507,-0.15991926193237305,1.5578866004943848,-1.1924393475055695,0.005882353312802326,-0.013074514653542802,0.004664727930932325,0.9998863411905416,0.009177857249750511,-0.026203935097661266,0.011645652489288106,0.0,0.0,0.0,0.0,0.0,0.0
3.8133094000513665,494014.4655885,0.5060434341430664,1.4228522777557373,-1.4762282371520996,-1.9543999621056685,2.113237412013469,-0.6071042220904821,-0.8649845096659892,0.49727927307496866,-2.085745311891228,-7.930513383769711,3.3689224677665996,1.6368590981086524,-1.0071396827697754,2.14385986328125,-2.3487135767936707,0.040650367736816406,1.7087161540985107,-1.9590109586715698,-0.08386373519897461,1.5327855944633484,-1.2509040534496307,0.005476008668190854,-0.012769087254586114,0.004605123767638036,0.9998928725492724,0.009072508104684721,-0.025588666464095806,0.010836997396856125,0.0,0.0,0.0,0.0,0.0,0.0
3.822327900037635,494014.474607,0.5241632461547852,1.4354586601257324,-1.5441328287124634,-2.06698140859074,2.0649663920112027,-0.6723227324673884,-1.0027762200626178,0.43903901560521374,-2.1488134510253034,-8.041052082864875,3.3081073097272484,1.575221805165115,-1.0451078414916992,2.1399855613708496,-2.4363063275814056,0.04416704177856445,1.7137080430984497,-2.0248591899871826,-0.08994340896606445,1.5356391668319702,-1.3206005096435547,0.005889262269522529,-0.013183853827372381,0.004463301651527415,0.9998857842406536,0.008773471827812586,-0.02642034076555701,0.011663827225562994,0.0,0.0,0.0,0.0,0.0,0.0
3.8313321000314318,494014.4836112,0.5415678024291992,1.4848113059997559,-1.5660524368286133,-2.1798971661430855,2.124999877880507,-0.668099321266151,-1.1537129898198106,0.5060746977625374,-2.160661870412849,-8.192539880345073,3.3745076479387848,1.5674542077986058,-1.0946989059448242,2.202242612838745,-2.489998936653137,0.03737211227416992,1.768156886100769,-2.0609647035598755,-0.09500980377197266,1.5864372253417969,-1.3356544077396393,0.0060898497506014695,-0.013719936471512843,0.004527787221394914,0.9998770805534601,0.008890834160438238,-0.02749511130347111,0.012058810445284727,0.0,0.0,0.0,0.0,0.0,0.0
3.840332899999339,494014.492612,0.5570650100708008,1.5069544315338135,-1.583591103553772,-2.1909912412449994,2.100110833587465,-0.6966913459449109,-1.1762551013634326,0.46536017259068974,-2.17771814293345,-8.207317136501358,3.331713579969142,1.5552217599806035,-1.0924339294433594,2.1988898515701294,-2.505972981452942,0.048041343688964844,1.7796754837036133,-2.0691901445388794,-0.08386373519897461,1.600995659828186,-1.3581924140453339,0.006214973958294906,-0.013790510629775292,0.004335466088463655,0.9998761921603412,0.00850179187509951,-0.02763501344510243,0.012313845186467859,0.0,0.0,0.0,0.0,0.0,0.0
3.849339600012172,494014.5016187,0.5860328674316406,1.4987587928771973,-1.7023682594299316,-2.2860278855660887,2.091164176595439,-0.7984257944099737,-1.3093220136435324,0.45485851467097493,-2.2915756530980502,-8.326138215000167,3.3170608913751787,1.4380762639947462,-1.125931739807129,2.19784677028656,-2.6601627469062805,0.05549192428588867,1.7721503973007202,-2.202581614255905,-0.07718801498413086,1.5933886170387268,-1.4715306460857391,0.006451035304842333,-0.014295340944864867,0.004380257372876669,0.9998674115682106,0.0085785387090149,-0.028647323654325912,0.012780717213226864,0.0,0.0,0.0,0.0,0.0,0.0
3.8583729000529274,494014.510652,0.637054443359375,1.5085935592651367,-1.821264624595642,-2.3938972966945915,2.101255222552667,-0.8891356810418403,-1.457264390289481,0.47173087903584765,-2.3986997905073424,-8.471441403047786,3.331978939299929,1.3373258571388134,-1.1508464813232422,2.2219419479370117,-2.8147809207439423,0.08255243301391602,1.7873793840408325,-2.335868775844574,-0.054836273193359375,1.6027241945266724,-1.5834532678127289,0.006775872608355479,-0.014901686385890407,0.00445252339778613,0.9998560908093945,0.008705813193846092,-0.029863862072758752,0.01342348315098472,0.0,0.0,0.0,0.0,0.0,0.0
3.8673822000273503,494014.5196613,0.7020235061645508,1.5419721603393555,-1.9052773714065552,-2.5012445369168024,2.1175164767395502,-0.9481730115611029,-1.599333503790934,0.4944561097685596,-2.467889002112932,-8.592662435982446,3.350659943287815,1.2689100948591743,-1.1549592018127441,2.272084355354309,-2.9298625886440277,0.13333559036254883,1.8273741006851196,-2.4299658834934235,-0.023066997528076172,1.6317367553710938,-1.662127673625946,0.007273464927800085,-0.015453183229315434,0.0045428774202627515,0.9998438168537973,0.008863906676338894,-0.03097257608786794,0.014411664671688272,0.0,0.0,0.0,0.0,0.0,0.0
3.8764072000049055,494014.5286863,0.7284879684448242,1.5840232372283936,-1.9541382789611816,-2.6688786877675508,2.114969559375318,-0.9764701930177131,-1.8202968844904799,0.4825884733836161,-2.504108187112752,-8.812593735339158,3.335517548655409,1.2487954039874012,-1.2254714965820312,2.3020803928375244,-3.015585243701935,0.1266002655029297,1.8639415502548218,-2.485141158103943,-0.030696392059326172,1.666150987148285,-1.708243042230606,0.00770935382512449,-0.016188950217390762,0.0044134435731033725,0.9998294880979881,0.008580390706832542,-0.03244612186084431,0.015281818292173363,0.0,0.0,0.0,0.0,0.0,0.0
3.8854230000288226,494014.5377021,0.7574558258056641,1.5802383422851562,-2.016007900238037,-2.700378555391847,2.0977790109147354,-1.0326975796960889,-1.8731316682778498,0.4576333800788146,-2.5634401318566162,-8.867069196036192,3.3079581638569833,1.1905131488997074,-1.2328624725341797,2.2884756326675415,-3.090590238571167,0.13935565948486328,1.8559396266937256,-2.549201250076294,-0.010848045349121094,1.660466194152832,-1.7693378031253815,0.007780386259517226,-0.016459567120484297,0.004326879350166498,0.999824897847092,0.008400788710102818,-0.032986681540539346,0.01542461312907695,0.0,0.0,0.0,0.0,0.0,0.0
3.894447800004855,494014.5467269,0.79345703125,1.5293359756469727,-2.0914077758789062,-2.503302227427673,2.0675287750570037,-1.1305705305927685,-1.6438572397734497,0.4242354672535087,-2.649954334955393,-8.64436529694701,3.2782422800308186,1.0950424429285663,-1.1272430419921875,2.2275149822235107,-3.134392201900482,0.1925826072692871,1.8016546964645386,-2.614840865135193,0.055909156799316406,1.613706350326538,-1.8494538962841034,0.007340433230080835,-0.01590904687106006,0.004280104283820914,0.9998373372579006,0.008329586589978642,-0.03188115419870288,0.014550200648142596,0.0,0.0,0.0,0.0,0.0,0.0
3.9043567000189796,494014.5566358,0.8466243743896484,1.5339255332946777,-2.2624433040618896,-2.5752302341823796,2.043718851712395,-1.2874686674061788,-1.7562210654307187,0.38865124628556513,-2.809549681319535,-8.747743672381736,3.2269101622072194,0.929238412231935,-1.141667366027832,2.215951681137085,-3.321617841720581,0.21839141845703125,1.801520586013794,-2.7847588062286377,0.08988380432128906,1.612149178981781,-2.019677311182022,0.007541482526106723,-0.016401923773206428,0.0041112320733072555,0.9998285856629054,0.00797805813941984,-0.03286615066099862,0.014954148323640585,0.0,0.0,0.0,0.0,0.0,0.0
3.9133795000379905,494014.5656586,0.8929967880249023,1.489013433456421,-2.3847222328186035,-2.5077186179083277,1.9720376808446682,-1.4221841203631778,-1.6808420087794929,0.3038356254324026,-2.9353656307129596,-8.66195982889506,3.1348916455072873,0.7948687534160611,-1.0843276977539062,2.153173089027405,-3.4319497644901276,0.26810169219970703,1.7499476671218872,-2.8968676924705505,0.14066696166992188,1.5625357627868652,-2.146650105714798,0.007537668697836673,-0.016290771168510992,0.003978493459752842,0.9998309686717688,0.00771423888664817,-0.03264180843207778,0.014951685228177778,0.0,0.0,0.0,0.0,0.0,0.0
3.92238390003331,494014.574663,0.9288787841796875,1.484304666519165,-2.475142478942871,-2.4124996917411767,1.8599782090956973,-1.5579122916025838,-1.5616414035770632,0.1553872112475263,-3.0370232734262466,-8.53902884447777,2.9826554365062763,0.7084431653468053,-1.0117888450622559,2.09026038646698,-3.490898758172989,0.32067298889160156,1.721009612083435,-2.9559433460235596,0.18537044525146484,1.540541648864746,-2.253293991088867,0.007685381375160963,-0.0159338653407087,0.003570550641090898,0.9998371357458884,0.006898592046844698,-0.03192284430255087,0.01526284261519301,0.0,0.0,0.0,0.0,0.0,0.0
3.9314141000504605,494014.5836932,1.0238885879516602,1.4630258083343506,-2.558469772338867,-2.3444227190285716,1.814952008336368,-1.6439458825860815,-1.4945366025880258,0.08016828523771391,-3.1328499618875383,-8.495824518912176,2.922365076799549,0.6276924721129173,-0.9452700614929199,2.042323350906372,-3.5785287618637085,0.3960728645324707,1.689225435256958,-3.0353739857673645,0.2799034118652344,1.5164315700531006,-2.338763326406479,0.007604708301747198,-0.016121784015190817,0.0033591330299273664,0.9998354728239544,0.006475379525314447,-0.03229496700093021,0.015107055510059673,0.0,0.0,0.0,0.0,0.0,0.0
3.9404252000385895,494014.5927043,1.1038780212402344,1.478254795074463,-2.694845199584961,-2.3856599244445054,1.8259024351866548,-1.759677487006471,-1.57618715787744,0.09066431402843245,-3.259432039843099,-8.580041496989876,2.93243189146275,0.5079359823622863,-0.9320974349975586,2.057299017906189,-3.742460161447525,0.4495382308959961,1.7042756080627441,-3.181144595146179,0.3399848937988281,1.5309005975723267,-2.470538020133972,0.007775401748414935,-0.01663943809003656,0.003327202026254243,0.9998257858018942,0.006398085419163349,-0.03333099038740516,0.01544656210479102,0.0,0.0,0.0,0.0,0.0,0.0
3.949437300034333,494014.6017164,1.1960268020629883,1.4751553535461426,-2.8747618198394775,-2.3953991176852707,1.8076138885165516,-1.9307392548383109,-1.5540453330280535,0.02504177918866146,-3.476525859099952,-8.569433948740768,2.8778020016314576,0.2943904042730754,-0.8904337882995605,2.0560473203659058,-3.9581507444381714,0.5261898040771484,1.6975849866867065,-3.374982625246048,0.41180849075317383,1.5274807810783386,-2.6468299329280853,0.008037425957961765,-0.017054503599781966,0.003360175663147692,0.9998166096392118,0.006448777872912926,-0.03416341144798656,0.01596728688337013,0.0,0.0,0.0,0.0,0.0,0.0
3.958478600019589,494014.6107577,1.2630224227905273,1.4352798461914062,-2.9661953449249268,-2.2941007364898347,1.7887899971088805,-2.017710707788424,-1.41108209894103,-0.005948150168022526,-3.5847815932970524,-8.47895592187986,2.8661392456545975,0.2022842642319042,-0.81634521484375,2.011328935623169,-4.031233489513397,0.5875229835510254,1.660168170928955,-3.4592412412166595,0.48989057540893555,1.4890432357788086,-2.7386173605918884,0.007783929185072806,-0.016973153601843587,0.003284766816884596,0.9998202502501181,0.00630780402303738,-0.03399789121740732,0.015463105914869569,0.0,0.0,0.0,0.0,0.0,0.0
3.9675009000347927,494014.61978,1.3544559478759766,1.4157593250274658,-3.0263662338256836,-2.2403677098188357,1.7407152297897743,-2.0801673242633116,-1.3766688044911657,-0.06670146039916558,-3.643092971316073,-8.448655544203598,2.8052214129504205,0.15174555013827867,-0.7519125938415527,1.9701570272445679,-4.096411168575287,0.6649494171142578,1.6318708658218384,-3.5152845084667206,0.5765557289123535,1.4651566743850708,-2.801034599542618,0.007824389573933284,-0.017154984463587306,0.003112803337568547,0.9998173812708154,0.005959567902358917,-0.034359174927777944,0.015548924627162227,0.0,0.0,0.0,0.0,0.0,0.0
3.976509600004647,494014.6287887,1.4688968658447266,1.4192759990692139,-3.1192898750305176,-2.1585567059441146,1.7653272035125511,-2.1650307635869765,-1.2864306245989887,-0.06463961119318462,-3.760049528373579,-8.36717446770141,2.7936597568496424,0.021109227503542105,-0.670015811920166,1.9713938236236572,-4.215318709611893,0.7609724998474121,1.6311407089233398,-3.6214403808116913,0.6857514381408691,1.4731734991073608,-2.8902851045131683,0.0077695122199124625,-0.017425118867939765,0.003115651662818051,0.9998131288530967,0.005963035832475627,-0.0348992232730603,0.015437552411171741,0.0,0.0,0.0,0.0,0.0,0.0
3.985527400043793,494014.6378065,1.5947818756103516,1.4196336269378662,-3.2207369804382324,-2.0982098357069656,1.7510313559775115,-2.259137120622999,-1.2627876487627532,-0.08987519351583151,-3.8560711796369502,-8.352143678282742,2.7696558758754652,-0.06710451161425976,-0.593721866607666,1.9513964653015137,-4.331376403570175,0.8599162101745605,1.6235113143920898,-3.7241727113723755,0.8038878440856934,1.4716386795043945,-2.9912032186985016,0.0077522490608263606,-0.017784077296471624,0.002940955797606618,0.999807471470487,0.005608631936918355,-0.035614433093627725,0.01540728805015952,0.0,0.0,0.0,0.0,0.0,0.0
3.995243900048081,494014.647523,1.8581151962280273,1.4283359050750732,-3.327667713165283,-2.019156947165257,1.7368499473770782,-2.3362087657371258,-1.2267358279369756,-0.1127306078122503,-3.9476816958232477,-8.316396533319725,2.7446278060389018,-0.15061997862920312,-0.4175901412963867,1.956641674041748,-4.461422562599182,1.0944008827209473,1.633480191230774,-3.8330331444740295,1.0364055633544922,1.4731064438819885,-3.094639629125595,0.008137475893985599,-0.018436679282535277,0.0028470607507319404,0.9997928608407791,0.005396589815596156,-0.03692044368074603,0.016178330417976682,0.0,0.0,0.0,0.0,0.0,0.0
4.005194400029723,494014.6574735,2.0366907119750977,1.4216601848602295,-3.4101009368896484,-1.9643109164266814,1.7092451624106386,-2.4035201320431674,-1.21382377883128,-0.15383987296041512,-4.023281404718766,-8.30975738777795,2.7013296178923785,-0.22014313921651582,-0.31179189682006836,1.9347220659255981,-4.568822681903839,1.2415051460266113,1.6207098960876465,-3.9199553430080414,1.195967197418213,1.4629289507865906,-3.1747817993164062,0.008292978199392904,-0.018979874736701256,0.002700382326450288,0.9997818256013932,0.005088483400481989,-0.03800540462670524,0.01649248857706479,0.0,0.0,0.0,0.0,0.0,0.0
4.015110100037418,494014.6673892,2.235889434814453,1.4510750770568848,-3.5013556480407715,-1.9275019151583361,1.734024206335505,-2.465818901509646,-1.2525253391970637,-0.13855175395516284,-4.099176327016665,-8.362516045767654,2.7187821145778224,-0.2841064988020631,-0.22172927856445312,1.945197582244873,-4.699058830738068,1.386880874633789,1.6428828239440918,-4.022691398859024,1.3728737831115723,1.4922171831130981,-3.2601766288280487,0.008329305030023937,-0.019800705196745705,0.0025073845517881582,0.9997661065339922,0.00468744418381607,-0.0396443012384331,0.016569194248020162,0.0,0.0,0.0,0.0,0.0,0.0
4.0241309000412,494014.67641,2.4111270904541016,1.501530408859253,-3.544539213180542,-1.9620028528242184,1.7885749032090503,-2.469628200960229,-1.3493326870306355,-0.07904761057547782,-4.12507304516112,-8.460916904702298,2.7726969052451755,-0.30606486994871723,-0.15723705291748047,2.0073652267456055,-4.792720079421997,1.5211701393127441,1.6971677541732788,-4.086334258317947,1.5121698379516602,1.5434324741363525,-3.2933279871940613,0.008660738058393957,-0.020674170394327646,0.002551793237867958,0.9997454969371262,0.0047482656524691245,-0.041393838366596776,0.017227163521286084,0.0,0.0,0.0,0.0,0.0,0.0
4.033150500035845,494014.6854296,2.5801658630371094,1.545548439025879,-3.5534948110580444,-1.7096998240249128,1.890108388166084,-2.4759200462346267,-1.0879459276993408,0.034069256060142994,-4.137644893154683,-8.20664016336714,2.8901982135954296,-0.33046014387495826,0.04100799560546875,2.066180109977722,-4.794042557477951,1.692652702331543,1.7479658126831055,-4.101503640413284,1.6986727714538574,1.5973448753356934,-3.2990388572216034,0.008284139107323785,-0.020467529622319708,0.0026675485853850413,0.9997526381335309,0.0049988835468741995,-0.04098059973106826,0.016469555139452443,0.0,0.0,0.0,0.0,0.0,0.0
4.042204199999105,494014.6944833,2.7256011962890625,1.5529096126556396,-3.560766577720642,-1.609398345213009,1.9121256333938519,-2.4699316052759976,-0.9970731901329799,0.06381656637138855,-4.140196549757826,-8.194327764773579,2.929928019403727,-0.3004167319888926,0.16629695892333984,2.087414264678955,-4.813339561223984,1.8326640129089355,1.7608702182769775,-4.116471856832504,1.8357038497924805,1.606874167919159,-3.3022984862327576,0.00836444392507163,-0.02064011508566595,0.0027612127475502117,0.9997481670056902,0.005180194964984177,-0.04132779001045871,0.016625652896802998,0.0,0.0,0.0,0.0,0.0,0.0
4.051221700035967,494014.7035008,2.923250198364258,1.553177833557129,-3.5988539457321167,-1.3540445951132352,1.9480037426942431,-2.5074709193298945,-0.7205128886893508,0.11276786739666811,-4.181768386196537,-7.915361802031562,2.9798606912486147,-0.3514721502999446,0.3978610038757324,2.1089911460876465,-4.8437342047691345,2.044856548309326,1.769930124282837,-4.158627241849899,2.0423531532287598,1.6128048300743103,-3.3382512629032135,0.00824469138504462,-0.02040472394626017,0.0029327192958201118,0.9997535053512812,0.005532176935861403,-0.04085911519014667,0.016380038492370866,0.0,0.0,0.0,0.0,0.0,0.0
4.060291500005405,494014.7125706,3.0794143676757812,1.6123950481414795,-3.646731376647949,-1.214800201135846,2.0137000813414963,-2.5514371231931605,-0.5535513275032322,0.19601436351218693,-4.230329107907056,-7.868907284177773,3.0886563761391983,-0.34578810771432494,0.5714893341064453,2.2005587816238403,-4.895217716693878,2.221822738647461,1.8411576747894287,-4.213050007820129,2.190232276916504,1.6732215881347656,-3.383081406354904,0.008495864712708232,-0.02031141459614975,0.003188984490283781,0.9997525179252151,0.006036294596251126,-0.04067817966465444,0.016872736466447075,0.0,0.0,0.0,0.0,0.0,0.0
4.069314500025939,494014.7215936,3.2421350479125977,1.6723871231079102,-3.6847591400146484,-0.895069983608554,2.083076415123064,-2.61609794437017,-0.1820385078978859,0.2669727957863577,-4.282100584103018,-7.4945560747223805,3.160509185088034,-0.40741465149998424,0.8203983306884766,2.262413501739502,-4.898890852928162,2.418398857116699,1.902058720588684,-4.2400844395160675,2.3788809776306152,1.7348527908325195,-3.4267716109752655,0.008261549948763556,-0.019647992971430637,0.0032411072723195597,0.9997675721827989,0.006160870426319492,-0.03935056032032726,0.016405332174286354,0.0,0.0,0.0,0.0,0.0,0.0
4.079400400049053,494014.7316795,3.4328699111938477,1.848757266998291,-3.791213035583496,-0.1271529643753766,2.2909148132618515,-2.820570332485617,0.8023588257619618,0.4688435615516351,-4.450627007268322,-6.710323944062235,3.3868552288663922,-0.5238115122009404,1.3235211372375488,2.444431185722351,-4.880983382463455,2.7268528938293457,2.0811110734939575,-4.308819770812988,2.668440341949463,1.920059323310852,-3.552492707967758,0.007276191876815828,-0.017241554047757533,0.003424864791207078,0.9998190116950927,0.006601568088490742,-0.03453357052931314,0.014440761492862358,0.0,0.0,0.0,0.0,0.0,0.0
4.089421200042125,494014.7417003,3.6411285400390625,1.8719136714935303,-3.7454068660736084,0.08423773110122212,2.256086096571852,-2.793989252665732,1.0439924424603397,0.4261212247798629,-4.409603334341984,-6.454489005494057,3.3383994718388377,-0.476762604435221,1.5599727630615234,2.4606138467788696,-4.8216283321380615,2.960681915283203,2.100437879562378,-4.249826073646545,2.871215343475342,1.9329488277435303,-3.5135112702846527,0.007632970258337646,-0.01701336972662597,0.0033937048519228005,0.9998203667574284,0.0065303034722843005,-0.034079031286084804,0.015157102280377848,0.0,0.0,0.0,0.0,0.0,0.0
4.09843340003863,494014.7507125,3.852963447570801,2.080261707305908,-3.783583641052246,-0.14116907465311357,2.3087084521169476,-2.8032622192974905,0.7387141542212206,0.44612943858046705,-4.42592950363901,-6.882491698428472,3.3838472628018867,-0.37886704842855085,1.581728458404541,2.6420652866363525,-4.932597279548645,3.1260251998901367,2.2948086261749268,-4.292093217372894,2.998471260070801,2.114810049533844,-3.5507716238498688,0.00901859074053194,-0.018452108275389536,0.0031335260333880876,0.9997841595743784,0.0059369650805545906,-0.03696118615834121,0.017930854713140747,0.0,0.0,0.0,0.0,0.0,0.0
4.107444900029805,494014.759724,4.128456115722656,2.1221041679382324,-3.7385523319244385,-0.29671347570459083,2.195141072093315,-2.726595506186938,0.4992526525307017,0.3073996155473213,-4.353506187686215,-7.101651791044494,3.2310463383223853,-0.2635195336362622,1.6728639602661133,2.6563256978988647,-4.95477020740509,3.35770845413208,2.323150634765625,-4.248563200235367,3.191053867340088,2.1294206380844116,-3.5051964223384857,0.010396536851963234,-0.01984076806942323,0.0028671612284382544,0.9997449851489085,0.0053245389045445185,-0.03974149422214847,0.02069181117045255,0.0,0.0,0.0,0.0,0.0,0.0
4.116444900049828,494014.768724,4.330158233642578,2.2294223308563232,-3.7627071142196655,-0.3075578883553476,2.2428850923995602,-2.7291850749479805,0.4439793088995003,0.3292908531933869,-4.366990363221808,-7.179111984098485,3.2694477607703165,-0.2412698704501604,1.7720460891723633,2.747774124145508,-5.010578781366348,3.5269856452941895,2.4247467517852783,-4.27381694316864,3.354787826538086,2.225451171398163,-3.527514636516571,0.0109304675537015,-0.020604863102285716,0.002696572543328144,0.9997243084931526,0.004945447587856773,-0.04126902807130031,0.021764030771628112,0.0,0.0,0.0,0.0,0.0,0.0
4.125477200024761,494014.7777563,4.510641098022461,2.3470520973205566,-3.8131773471832275,-0.07807191163355931,2.371426528672366,-2.7855867099380247,0.6962328667816653,0.46404316005493884,-4.42184509524811,-6.922715693423509,3.4037684957752834,-0.3016372992212576,1.9854307174682617,2.8765201568603516,-5.0509013235569,3.723621368408203,2.5468021631240845,-4.323169589042664,3.542006015777588,2.3446381092071533,-3.578580915927887,0.010902300633630726,-0.02036412264296761,0.002793690245101957,0.9997292821782757,0.005146139432695019,-0.04078944455381762,0.021704672349895083,0.0,0.0,0.0,0.0,0.0,0.0
4.134481200017035,494014.7867603,4.657149314880371,2.4665892124176025,-3.8304179906845093,0.11022256340331715,2.447907890714529,-2.8245659201382445,0.9244020061267566,0.5321484587006986,-4.448038130431089,-6.683471563669885,3.471093963775762,-0.32510940739616245,2.176940441131592,2.9928237199783325,-5.049057304859161,3.8997530937194824,2.6642978191375732,-4.327751696109772,3.6905407905578613,2.4566426873207092,-3.6024190485477448,0.011131051819862216,-0.020011710148018537,0.0027960790951658786,0.9997338711297268,0.005149326516562656,-0.040085750062407506,0.022163888353996124,0.0,0.0,0.0,0.0,0.0,0.0
4.143495400028769,494014.7957745,4.807233810424805,2.57265567779541,-3.842681646347046,0.24338278910152056,2.5300774336774188,-2.8411932716702823,1.0649714860053727,0.6117282631238341,-4.460664188718617,-6.536804530916207,3.548156300512195,-0.3344316014138402,2.329409122467041,3.0972957611083984,-5.059890449047089,4.0572285652160645,2.7693063020706177,-4.336271435022354,3.8352012634277344,2.5584176182746887,-3.6166273057460785,0.011311166930815039,-0.01999037342944363,0.0027891066900247448,0.999732295845586,0.0051286249814449765,-0.04004384086940348,0.022524727219122253,0.0,0.0,0.0,0.0,0.0,0.0
4.153783200017642,494014.8060623,5.202174186706543,2.765536308288574,-3.8118362426757812,0.8139871170196322,2.7653709203107613,-2.830706529276798,1.7448057283562246,0.8915120496852391,-4.440295707692993,-5.830797750533856,3.8274284933049185,-0.3390842569778573,2.8709769248962402,3.3639222383499146,-4.989843815565109,4.537105560302734,2.99130380153656,-4.305038601160049,4.2479634284973145,2.757251262664795,-3.585856407880783,0.011473353218309536,-0.018944661271633745,0.0034038027715590814,0.9997489065269956,0.006375816587535928,-0.0379670357410145,0.022830411708313448,0.0,0.0,0.0,0.0,0.0,0.0
4.162809200002812,494014.8150883,5.401134490966797,2.8685927391052246,-3.8207024335861206,1.0714242666489682,2.809650421671528,-2.8685577124803534,2.06895517190242,0.9433516602004866,-4.4544520987627365,-5.495675729273897,3.8692252986607945,-0.3527183409470138,3.146529197692871,3.4777671098709106,-4.967857152223587,4.7893524169921875,3.098219633102417,-4.296489059925079,4.44793701171875,2.8498321771621704,-3.6031119525432587,0.011892408454653234,-0.01835877599652598,0.003519639284882477,0.9997545389266115,0.00660541086339231,-0.036800559060754766,0.023667979001186463,0.0,0.0,0.0,0.0,0.0,0.0
4.17181490000803,494014.824094,5.612373352050781,2.96977162361145,-3.8144588470458984,1.4127226065896448,2.8416959551126886,-2.908809923204435,2.4768470317340086,0.9603153949958032,-4.4643862171889115,-5.0736477783746015,3.8812238996575044,-0.36099071555123485,3.450751304626465,3.558531403541565,-4.917856305837631,5.0490498542785645,3.190353512763977,-4.263170063495636,4.675686359405518,2.939194440841675,-3.6108121275901794,0.012049021073457115,-0.017613408448673203,0.003415377466563299,0.9997664347890225,0.006408749075818187,-0.035308228882271614,0.023989352102134716,0.0,0.0,0.0,0.0,0.0,0.0
4.18084230000386,494014.8331214,5.806326866149902,3.1591951847076416,-3.867030143737793,1.7889544648583833,2.9535465522548545,-3.019807712297255,2.9241094992606964,1.074864426611477,-4.525707352419324,-4.776004415165236,4.010297177591604,-0.3534839633691673,3.7547945976257324,3.71687114238739,-4.916373640298843,5.289435386657715,3.3668875694274902,-4.285208880901337,4.899740219116211,3.11926007270813,-3.678981214761734,0.011946172917510108,-0.016722336705967945,0.003235372279548787,0.9997835689657687,0.006073257364718213,-0.03352101292150441,0.023794580076753787,0.0,0.0,0.0,0.0,0.0,0.0
4.189850700029638,494014.8421298,6.048679351806641,3.2975375652313232,-3.954187035560608,1.9105073560696795,3.06744026083447,-3.0920976952933317,3.0562932535354026,1.2035998700872796,-4.60617212483795,-4.621360037511346,4.130820738192931,-0.42980564235247687,3.9763450622558594,3.889411687850952,-5.021713674068451,5.548655986785889,3.5178810358047485,-4.379425197839737,5.111873149871826,3.251791000366211,-3.7625841796398163,0.012603473030304738,-0.01692268804079904,0.0034887882220858276,0.9997712755694622,0.006553230383548713,-0.03393208763057703,0.025100183887332955,0.0,0.0,0.0,0.0,0.0,0.0
4.19886340002995,494014.8511425,6.272077560424805,3.38020920753479,-4.009351134300232,2.0162102826914996,3.0407018790191973,-3.158625003770836,3.196650239999821,1.219205199253559,-4.648601274943478,-4.677057039786714,4.195331177488937,-0.344344239127976,4.192769527435303,3.983527421951294,-5.086518824100494,5.794823169708252,3.602832555770874,-4.431582987308502,5.30850887298584,3.3226758241653442,-3.820180892944336,0.013310844439518056,-0.016993885635901887,0.0035918701347367674,0.9997605351984226,0.006733575324996411,-0.034081851753890356,0.02651173423640421,0.0,0.0,0.0,0.0,0.0,0.0
4.2078791000531055,494014.8601582,6.503701210021973,3.4301578998565674,-4.016518592834473,2.400796527248117,3.0476913575278877,-3.2077840782206644,3.636522772165529,1.2323474583782468,-4.667383157668049,-4.417854086068429,4.265283173041034,-0.2706109450671019,4.509568214416504,4.015505313873291,-5.056925117969513,6.056725978851318,3.644689917564392,-4.421982914209366,5.56868314743042,3.37112694978714,-3.8366317749023438,0.013054777714488904,-0.016316904883938384,0.0035033762968605217,0.9997755036748782,0.00658272421616858,-0.03272379524419012,0.026006218276198343,0.0,0.0,0.0,0.0,0.0,0.0
4.217114200000651,494014.8693933,6.601214408874512,3.5581588745117188,-4.095137119293213,2.769811520964005,3.209166203105407,-3.3263863951577615,4.074716314242277,1.3941421656325503,-4.766076528286641,-3.9846294114367353,4.431855690649633,-0.3884312320676705,4.738152027130127,4.139155149459839,-5.080010741949081,6.195962429046631,3.7715882062911987,-4.483964294195175,5.715012550354004,3.505423665046692,-3.9234235882759094,0.012450603879695092,-0.015296871118642509,0.003520778939787056,0.9997992760112742,0.006662418482862345,-0.030680085789435915,0.02480270948864616,0.0,0.0,0.0,0.0,0.0,0.0
4.2261230000294745,494014.8784021,6.800293922424316,3.5557448863983154,-4.120469093322754,3.1468975662756193,3.106595950965602,-3.41450141778734,4.518172027868417,1.2642182492536014,-4.806799930326606,-3.7255051288951346,4.358432570813864,-0.3129886362213171,5.047857761383057,4.090473055839539,-5.043487995862961,6.443798542022705,3.7506520748138428,-4.469357430934906,5.942583084106445,3.487594425678253,-3.9683617651462555,0.012451906608263289,-0.014377662193682451,0.003222120960086914,0.9998139080789895,0.006087552124299735,-0.028834211703407383,0.024819389531074595,0.0,0.0,0.0,0.0,0.0,0.0
4.2351447000401095,494014.8874238,7.179498672485352,3.5201311111450195,-4.006385803222656,3.0232134760050933,2.824339809260612,-3.2841993190410173,4.3068858669332855,0.9350934464929517,-4.6664844621912405,-3.9071662338510116,4.009197433756995,-0.11033949767741413,5.221366882324219,3.9954185485839844,-4.9982331693172455,6.780683994293213,3.6881864070892334,-4.342813044786453,6.222963333129883,3.4092217683792114,-3.8615167140960693,0.014261537944482199,-0.015898697482232875,0.002720386508323718,0.9997681928582605,0.004988586442860932,-0.03187301419220389,0.028448246843014596,0.0,0.0,0.0,0.0,0.0,0.0
4.24417010002071,494014.8964492,7.461071014404297,3.4665465354919434,-3.9598047733306885,3.1114072167572893,2.6907043282735357,-3.2260393573532857,4.343017864499865,0.7803870658302792,-4.607437470644495,-3.868243483771572,3.8501142638516783,-0.027386525286807878,5.407094955444336,3.9105266332626343,-4.982419312000275,7.030189037322998,3.621309995651245,-4.29413840174675,6.4702630043029785,3.3422261476516724,-3.8161911070346832,0.014765711863823878,-0.016603629163977687,0.002455725510184015,0.9997501001070008,0.004422357681727458,-0.03327762250892974,0.029463068248846314,0.0,0.0,0.0,0.0,0.0,0.0
4.25319280003896,494014.9054719,7.643461227416992,3.419727087020874,-3.965422511100769,3.4547849893342697,2.601372949773056,-3.273336937272081,4.676766200009785,0.6815057746678566,-4.602891970278241,-3.9017866096771048,3.8484961350670477,0.18954492830066705,5.65338134765625,3.8268566131591797,-4.947852343320847,7.222771644592285,3.5610944032669067,-4.279002547264099,6.6863298416137695,3.29425185918808,-3.831591457128525,0.014290447391463398,-0.01605992604678246,0.002194788920258195,0.9997664951328981,0.003931591508791131,-0.03218063503689507,0.028522357330552722,0.0,0.0,0.0,0.0,0.0,0.0
4.262218400021084,494014.9144975,7.836461067199707,3.4040212631225586,-4.038333892822266,3.9920689247210372,2.5687371170083075,-3.4156239052501314,5.248241431097922,0.6047655022148324,-4.701602560227425,-3.363270274143959,3.7858639482791223,0.08270886035202131,5.964159965515137,3.7233829498291016,-4.9468837678432465,7.422924041748047,3.5115182399749756,-4.313431680202484,6.9522857666015625,3.27889621257782,-3.923896700143814,0.013148636054392447,-0.015041617112255722,0.001582091523330005,0.9997991598871092,0.002769253929640639,-0.030123352526137893,0.02625932569134436,0.0,0.0,0.0,0.0,0.0,0.0
4.271232200029772,494014.9235113,8.188843727111816,3.1893253326416016,-4.107266664505005,4.63430272151788,2.188203371877695,-3.5844783315471878,5.907161360972246,0.22270891519399205,-4.759562811712102,-2.727377654871077,3.4378999772135543,0.05495961905956949,6.429731845855713,3.390073776245117,-4.930250346660614,7.78728723526001,3.2511353492736816,-4.32581827044487,7.370352745056152,3.050863742828369,-4.020337015390396,0.012297640887532518,-0.014011537437137291,0.0007334503387149104,0.9998259383001872,0.0011224691046825069,-0.028039910737521115,0.02458258521796694,0.0,0.0,0.0,0.0,0.0,0.0
4.280278000049293,494014.9325571,8.383631706237793,3.0511319637298584,-4.120886325836182,4.889483518514703,2.0662296574259775,-3.604066888516243,6.130791700891924,0.08318776367260972,-4.77496244574129,-2.527442895234655,3.3076503194643947,0.04002307080884504,6.611227989196777,3.2132118940353394,-4.938337951898575,7.951140403747559,3.0985027551651,-4.3356455862522125,7.585704326629639,2.9171258211135864,-4.035860300064087,0.01172533074833114,-0.014068459133192367,0.0004341526357955691,0.9998321892137445,0.0005384581836043834,-0.02814609384209001,0.0234459440387567,0.0,0.0,0.0,0.0,0.0,0.0
4.289282400044613,494014.9415615,8.584737777709961,2.9053986072540283,-4.13590669631958,4.87249547644808,1.812450361990181,-3.607857945337002,5.966949085469464,-0.007489537158844595,-4.700571139076518,-2.734245219413234,3.2277121617215188,0.17813627074178204,6.661534309387207,3.045693039894104,-5.020834505558014,8.060574531555176,2.9425621032714844,-4.383057355880737,7.771730422973633,2.785012125968933,-4.037212580442429,0.011273423269429171,-0.015230224243336806,0.00022895020523880025,0.9998204327673492,0.0001144777777716934,-0.030464853116668734,0.022548196429656022,0.0,0.0,0.0,0.0,0.0,0.0
4.298307100019883,494014.9505862,8.778572082519531,2.723872661590576,-4.156246781349182,4.941684561563298,1.6851875200155075,-3.588602607093268,5.94207271563385,-0.13833850953931526,-4.705606007772988,-2.7861852577748536,3.106857601208046,0.17951900452924802,6.7386627197265625,2.8485357761383057,-5.08500263094902,8.181750774383545,2.756088972091675,-4.42485511302948,7.956087589263916,2.613954246044159,-4.0468089282512665,0.01086641509248514,-0.01611637491180725,5.308217462770408e-05,0.9998110724857084,-0.0002442370188343871,-0.0322333952116123,0.021740017704334407,0.0,0.0,0.0,0.0,0.0,0.0
4.307313300028909,494014.9595924,8.944272994995117,2.552151679992676,-4.198014736175537,4.941428869684517,1.631935791170186,-3.5630932756601714,5.853217459609539,-0.16389281333539785,-4.726328609624417,-2.893103270626529,3.0891896841223065,0.15430928873239047,6.782352924346924,2.7159154415130615,-5.188338458538055,8.282363414764404,2.6013851165771484,-4.508413374423981,8.101582527160645,2.462320029735565,-4.067357629537582,0.010577533428859053,-0.01711065944288375,0.0002792891935638579,0.9997976110781309,0.00019660334165138652,-0.03422698360107328,0.021155194978528233,0.0,0.0,0.0,0.0,0.0,0.0
4.316340500023216,494014.9686196,9.174942970275879,2.434760332107544,-4.1866302490234375,4.916286344848642,1.5493135888718645,-3.4930681937119443,5.721093814881284,-0.24246882630440947,-4.689563074026301,-3.0395562555884936,3.014566393028384,0.20528264073783886,6.851375102996826,2.60162353515625,-5.244042724370956,8.437573909759521,2.48582661151886,-4.526205360889435,8.294999599456787,2.351127564907074,-4.0411390364170074,0.010652858352843901,-0.01836694657025377,0.00022655513857246928,0.9997745348604199,6.172881023430023e-05,-0.036738701858268684,0.021308581000875074,0.0,0.0,0.0,0.0,0.0,0.0
4.32546820002608,494014.9777473,9.293556213378906,2.3637115955352783,-4.263952374458313,5.1100239991968,1.5238767614385862,-3.565781888187132,5.837787014642881,-0.17832959735225584,-4.714199513361187,-2.9604296348644255,3.0732495119142333,0.18058956020911532,6.9640278816223145,2.5407224893569946,-5.322936922311783,8.523821830749512,2.4219006299972534,-4.619523882865906,8.440971374511719,2.300344407558441,-4.109349101781845,0.009784214320276034,-0.01842027272338199,0.0002719666521949493,0.9997824206981595,0.0001834837029263797,-0.03684618842040302,0.019568681726164997,0.0,0.0,0.0,0.0,0.0,0.0
4.334504900034517,494014.986784,9.4146728515625,2.278536558151245,-4.262566566467285,5.378771454597864,1.5633259066176741,-3.553435609601807,6.100556613581443,-0.07357678072922313,-4.700573869557618,-2.721479347475686,3.1748913514223487,0.16999709722677683,7.131040096282959,2.503141760826111,-5.321085453033447,8.642792701721191,2.3564398288726807,-4.643633961677551,8.594989776611328,2.241984009742737,-4.095833748579025,0.008952150345765325,-0.01813129871956197,0.0006429290837039192,0.9997953298816326,0.0009615995053598936,-0.03627464157016123,0.017890044604013777,0.0,0.0,0.0,0.0,0.0,0.0
4.34457570000086,494014.9968548,9.714007377624512,2.267390489578247,-4.322528839111328,5.442868095592024,1.7099858520157052,-3.5160313599766555,6.0226712766939805,0.20723584269644046,-4.679836224965274,-2.7912921579746897,3.4429319450861584,0.17583508662163613,7.298767566680908,2.610325813293457,-5.463656038045883,8.887112140655518,2.3954659700393677,-4.7720447182655334,8.858203887939453,2.2638440132141113,-4.119429737329483,0.008837837432063608,-0.019290222400299043,0.0014344307929878841,0.9997738356036188,0.002529132316156957,-0.03860666346955643,0.01763038611497695,0.0,0.0,0.0,0.0,0.0,0.0
4.353590800019447,494015.0058699,9.821653366088867,2.2728145122528076,-4.348531365394592,5.541129785621601,1.8579143659616382,-3.495601787812212,6.109686085614907,0.4013830549788877,-4.69726746238708,-2.708067216578458,3.6416082259458915,0.13584781572408866,7.393896579742432,2.689763903617859,-5.515694618225098,8.985817432403564,2.431735396385193,-4.833567887544632,8.96596908569336,2.292342483997345,-4.127003252506256,0.00853028638263055,-0.01947904997945128,0.0019673320130834636,0.9997719392095774,0.0036041903391051825,-0.038992659121974436,0.016993772963468094,0.0,0.0,0.0,0.0,0.0,0.0
4.362600100052077,494015.0148792,9.821653366088867,2.2728145122528076,-4.348531365394592,5.541129785621601,1.8579143659616382,-3.495601787812212,6.109686085614907,0.4013830549788877,-4.69726746238708,-2.708067216578458,3.6416082259458915,0.13584781572408866,7.393896579742432,2.689763903617859,-5.515694618225098,8.985817432403564,2.431735396385193,-4.833567887544632,8.96596908569336,2.292342483997345,-4.127003252506256,0.00853028638263055,-0.01947904997945128,0.0019673320130834636,0.9997719392095774,0.0036041903391051825,-0.038992659121974436,0.016993772963468094,0.0,0.0,0.0,0.0,0.0,0.0
4.371626600041054,494015.0239057,9.974479675292969,2.3621022701263428,-4.076555371284485,6.153260802455485,2.0473948212856863,-3.278751613001875,6.793316804914795,0.6505434136477861,-4.42871673812021,-2.023707666280794,3.8835595466411577,0.35995384255243895,7.782638072967529,2.832457423210144,-5.169782787561417,9.224653244018555,2.5419145822525024,-4.558909684419632,9.195804595947266,2.4046897888183594,-3.8576312363147736,0.007562525372383875,-0.017731951946455198,0.0024799703518115124,0.999811100077017,0.004693782043209329,-0.03550217181940008,0.015044291275317673,0.0,0.0,0.0,0.0,0.0,0.0
4.380634400004055,494015.0329135,10.103940963745117,2.4480223655700684,-3.963947296142578,6.463619471866577,2.2226854042359525,-3.170552305990941,7.036050053803589,0.893966072272212,-4.267764797783807,-1.6888171942648356,4.100533697005582,0.4543758916127922,8.010327816009521,2.9724985361099243,-5.032077431678772,9.392619132995605,2.6503801345825195,-4.456140100955963,9.355008602142334,2.507135272026062,-3.739539533853531,0.007132682669275456,-0.017039167751756543,0.002919788257974506,0.999825117926528,0.005598773340580334,-0.034120647923277195,0.014172092090023024,0.0,0.0,0.0,0.0,0.0,0.0
4.389661799999885,494015.0419409,10.145306587219238,2.536267042160034,-3.9385557174682617,6.641659949226719,2.342708776799846,-3.160090929032883,7.307276302549015,1.0445604787890916,-4.254591319219771,-1.3924795840731807,4.244027379454063,0.44627383458861747,8.17108154296875,3.120332956314087,-4.974164068698883,9.505510330200195,2.7617961168289185,-4.429209977388382,9.408652782440186,2.5989189743995667,-3.7145130336284637,0.007330366349892599,-0.01618678649201827,0.003420832356354802,0.9998362623841105,0.006606754973866271,-0.0324241051882724,0.014555752057687329,0.0,0.0,0.0,0.0,0.0,0.0
