V_FSR1[mV],V_FSR2[mV],FSR1_filtered,FSR2_filtered,,,,SME V1,SME V2,,Variance 1,Variance 2
18.08,57.67,18.06585172,57.67959507,,19.15061803,,1.146222957,0.01847266,,0.822675735,1.085178137
16.62,58.65,16.5658368,58.57890072,,57.53408584,,6.404027592,1.245264419,,,
18.57,56.7,18.70628187,56.80678799,,1165,,0.337117292,0.695699183,,,
19.55,57.18,19.3145039,57.08063117,,,,0.159505961,0.12537678,,,
20.04,58.16,20.38224722,58.20354287,,,,0.791000296,0.39176854,,,
20.53,59.14,20.09489459,59.19311203,,,,1.902694631,2.578960299,,,
18.08,59.63,18.56676962,59.45735196,,,,1.146222957,4.392856179,,,
18.57,58.16,18.09725227,58.45133011,,,,0.337117292,0.39176854,,,
18.08,58.16,18.45976981,57.77508499,,,,1.146222957,0.39176854,,,
20.53,57.18,20.31867812,57.61354082,,,,1.902694631,0.12537678,,,
19.06,57.67,19.04850642,57.24438543,,,,0.008211627,0.01847266,,,
17.6,56.7,17.85432524,57.06041219,,,,2.404416262,0.695699183,,,
20.04,57.67,19.56212416,57.42095182,,,,0.791000296,0.01847266,,,
18.57,56.7,19.21718002,56.81328196,,,,0.337117292,0.695699183,,,
18.57,56.7,17.83115153,56.71824151,,,,0.337117292,0.695699183,,,
17.6,56.7,18.34484543,56.58391824,,,,2.404416262,0.695699183,,,
21.02,56.7,20.34716019,56.85727059,,,,3.494588966,0.695699183,,,
19.06,58.16,19.60344972,58.02819241,,,,0.008211627,0.39176854,,,
18.57,55.72,18.18530752,55.76611111,,,,0.337117292,3.290907424,,,
18.57,54.74,18.79480838,54.81824712,,,,0.337117292,7.806915664,,,
18.57,57.18,18.4842684,56.9695942,,,,0.337117292,0.12537678,,,
19.06,57.67,19.03942707,57.98844219,,,,0.008211627,0.01847266,,,
19.55,59.14,19.6420605,58.76305878,,,,0.159505961,2.578960299,,,
19.55,58.16,19.41635353,58.53187307,,,,0.159505961,0.39176854,,,
19.55,57.67,19.70313917,57.36767838,,,,0.159505961,0.01847266,,,
19.06,56.7,18.90205019,56.87962092,,,,0.008211627,0.695699183,,,
19.06,57.18,19.21375935,57.15530247,,,,0.008211627,0.12537678,,,
20.53,57.18,20.38485304,57.04417555,,,,1.902694631,0.12537678,,,
19.06,56.7,19.19702535,56.97440922,,,,0.008211627,0.695699183,,,
18.57,57.18,18.43467092,56.81223798,,,,0.337117292,0.12537678,,,
18.57,55.72,18.71620891,56.12142981,,,,0.337117292,3.290907424,,,
18.08,57.18,17.90565131,56.80726437,,,,1.146222957,0.12537678,,,
18.08,57.18,18.30167307,57.47121508,,,,1.146222957,0.12537678,,,
20.04,57.18,19.75287141,57.00352702,,,,0.791000296,0.12537678,,,
18.57,56.7,18.93710182,56.75412712,,,,0.337117292,0.695699183,,,
18.57,57.67,18.11441086,57.7193053,,,,0.337117292,0.01847266,,,
19.06,58.16,19.60395089,58.04804131,,,,0.008211627,0.39176854,,,
20.53,58.16,19.90891548,58.2819315,,,,1.902694631,0.39176854,,,
18.08,59.14,18.75481517,59.05891873,,,,1.146222957,2.578960299,,,
19.55,56.21,18.85574608,56.21548682,,,,0.159505961,1.753203304,,,
19.06,55.23,19.73214328,55.30878423,,,,0.008211627,5.308811544,,,
20.04,57.67,19.43351098,57.52589751,,,,0.791000296,0.01847266,,,
17.6,58.16,18.10130658,58.33102365,,,,2.404416262,0.39176854,,,
18.08,59.63,17.71367829,59.47460211,,,,1.146222957,4.392856179,,,
17.6,57.67,17.81531899,57.77987351,,,,2.404416262,0.01847266,,,
19.06,57.18,18.99684944,57.12096829,,,,0.008211627,0.12537678,,,
20.04,58.16,19.96210559,58.18982926,,,,0.791000296,0.39176854,,,
18.08,56.7,18.28101375,56.6589545,,,,1.146222957,0.695699183,,,
18.57,57.18,18.26441232,57.27604318,,,,0.337117292,0.12537678,,,
18.57,57.18,18.96493146,56.99829381,,,,0.337117292,0.12537678,,,
18.57,55.72,18.09793986,55.9936084,,,,0.337117292,3.290907424,,,
18.08,57.67,18.61572348,57.32513665,,,,1.146222957,0.01847266,,,
19.55,57.67,18.97118196,58.04499077,,,,0.159505961,0.01847266,,,
18.57,58.65,19.15992668,58.29422947,,,,0.337117292,1.245264419,,,
19.55,56.7,18.99274254,56.99259594,,,,0.159505961,0.695699183,,,
17.6,57.18,18.07337636,56.97871946,,,,2.404416262,0.12537678,,,
19.06,57.67,18.72109044,57.77146015,,,,0.008211627,0.01847266,,,
18.57,57.18,18.73377188,57.17112431,,,,0.337117292,0.12537678,,,
18.08,57.67,18.11453244,57.5994951,,,,1.146222957,0.01847266,,,
18.57,56.21,18.33521944,56.35201168,,,,0.337117292,1.753203304,,,
18.57,57.18,18.98661874,56.9615273,,,,0.337117292,0.12537678,,,
20.04,58.16,19.47551272,58.47225313,,,,0.791000296,0.39176854,,,
18.08,57.18,18.74989282,56.75364712,,,,1.146222957,0.12537678,,,
20.53,56.21,19.79859605,56.75871768,,,,1.902694631,1.753203304,,,
20.04,56.7,20.79240737,56.04710635,,,,0.791000296,0.695699183,,,
19.55,56.21,18.81216736,56.91557709,,,,0.159505961,1.753203304,,,
18.57,58.16,19.26192685,57.48123163,,,,0.337117292,0.39176854,,,
21.02,53.76,20.40146847,54.32205279,,,,3.494588966,14.2437239,,,
18.57,57.18,19.09327692,56.81033128,,,,0.337117292,0.12537678,,,
20.04,57.67,19.62459759,57.80849697,,,,0.791000296,0.01847266,,,
19.55,56.21,19.85711352,56.29288492,,,,0.159505961,1.753203304,,,
19.55,59.14,19.33974342,58.89053962,,,,0.159505961,2.578960299,,,
20.04,58.16,20.1720539,58.4928291,,,,0.791000296,0.39176854,,,
19.55,57.67,19.47761117,57.34261483,,,,0.159505961,0.01847266,,,
19.55,57.18,19.57440599,57.4287845,,,,0.159505961,0.12537678,,,
19.55,57.67,19.57146458,57.54303584,,,,0.159505961,0.01847266,,,
18.57,58.16,18.49828545,58.15699132,,,,0.337117292,0.39176854,,,
19.55,57.18,19.67492439,57.28945848,,,,0.159505961,0.12537678,,,
19.55,57.18,19.37955777,57.00983638,,,,0.159505961,0.12537678,,,
19.06,57.67,19.25162834,57.84525457,,,,0.008211627,0.01847266,,,
20.53,58.16,20.35744695,58.03270196,,,,1.902694631,0.39176854,,,
19.55,57.67,19.65536701,57.7093645,,,,0.159505961,0.01847266,,,
19.55,58.16,19.55470425,58.22838647,,,,0.159505961,0.39176854,,,
19.55,58.16,19.41132279,57.98663361,,,,0.159505961,0.39176854,,,
19.55,57.18,19.81772694,57.43592698,,,,0.159505961,0.12537678,,,
19.55,58.65,19.18937328,58.34583187,,,,0.159505961,1.245264419,,,
17.6,57.18,17.99268177,57.49651309,,,,2.404416262,0.12537678,,,
20.04,57.18,19.6865701,56.87903867,,,,0.791000296,0.12537678,,,
19.06,57.67,19.31033259,57.94137844,,,,0.008211627,0.01847266,,,
18.57,58.16,18.46304964,57.91747543,,,,0.337117292,0.39176854,,,
19.55,57.18,19.50637913,57.40575831,,,,0.159505961,0.12537678,,,
19.55,57.18,19.71747147,56.95348127,,,,0.159505961,0.12537678,,,
19.55,56.7,19.31200371,56.94371686,,,,0.159505961,0.695699183,,,
18.57,57.67,18.81166906,57.39930158,,,,0.337117292,0.01847266,,,
19.06,57.67,18.87926659,57.96734243,,,,0.008211627,0.01847266,,,
18.57,58.16,18.64252502,57.84715284,,,,0.337117292,0.39176854,,,
19.06,57.18,19.11457887,57.48869989,,,,0.008211627,0.12537678,,,
18.57,58.16,18.40194233,57.8788326,,,,0.337117292,0.39176854,,,
17.11,57.18,17.34961862,57.41253289,,,,4.164121927,0.12537678,,,
19.55,57.18,19.29726261,57.00941141,,,,0.159505961,0.12537678,,,
19.06,57.67,19.26675473,57.77659339,,,,0.008211627,0.01847266,,,
18.57,58.65,18.45400649,58.59748158,,,,0.337117292,1.245264419,,,
19.06,58.65,19.06450821,58.6684659,,,,0.008211627,1.245264419,,,
19.06,57.67,19.16120342,57.65918149,,,,0.008211627,0.01847266,,,
19.55,57.18,19.37101049,57.21138352,,,,0.159505961,0.12537678,,,
19.06,57.67,19.27570046,57.59246774,,,,0.008211627,0.01847266,,,
19.55,57.18,19.34091022,57.32296417,,,,0.159505961,0.12537678,,,
19.06,57.67,19.22700108,57.45143922,,,,0.008211627,0.01847266,,,
19.55,58.16,19.44568877,58.45315909,,,,0.159505961,0.39176854,,,
19.55,58.65,19.58846473,58.29537941,,,,0.159505961,1.245264419,,,
19.06,57.67,19.07522749,58.06162875,,,,0.008211627,0.01847266,,,
19.55,58.65,19.50283065,58.25397003,,,,0.159505961,1.245264419,,,
19.06,56.7,19.11481256,57.06478401,,,,0.008211627,0.695699183,,,
19.06,57.18,19.01861341,56.87954367,,,,0.008211627,0.12537678,,,
19.55,57.67,19.56276568,57.87991282,,,,0.159505961,0.01847266,,,
18.57,58.16,18.59590154,58.05804827,,,,0.337117292,0.39176854,,,
19.06,58.16,18.98794077,58.14516063,,,,0.008211627,0.39176854,,,
19.55,57.67,19.67524759,57.8030366,,,,0.159505961,0.01847266,,,
19.55,58.16,19.36516044,57.91406509,,,,0.159505961,0.39176854,,,
20.04,57.67,20.28771771,58.01618279,,,,0.791000296,0.01847266,,,
19.55,57.18,19.24240576,56.75552615,,,,0.159505961,0.12537678,,,
17.11,56.21,17.46650057,56.67944718,,,,4.164121927,1.753203304,,,
19.55,57.18,19.16266632,56.71052984,,,,0.159505961,0.12537678,,,
19.55,55.72,19.94551151,56.1359016,,,,0.159505961,3.290907424,,,
19.55,57.67,19.17134111,57.36353911,,,,0.159505961,0.01847266,,,
19.55,58.16,19.88511111,58.30723322,,,,0.159505961,0.39176854,,,
20.04,57.67,19.77692319,57.71729719,,,,0.791000296,0.01847266,,,
19.55,58.16,19.71168527,57.90423949,,,,0.159505961,0.39176854,,,
20.04,58.16,20.00635429,58.61228904,,,,0.791000296,0.39176854,,,
19.55,58.16,19.43805479,57.55031523,,,,0.159505961,0.39176854,,,
19.55,56.7,19.80843401,57.40368894,,,,0.159505961,0.695699183,,,
19.55,59.14,19.16665838,58.42187488,,,,0.159505961,2.578960299,,,
18.57,57.18,19.0331354,57.82956717,,,,0.337117292,0.12537678,,,
20.04,58.16,19.56018411,57.65033896,,,,0.791000296,0.39176854,,,
17.6,57.18,18.02699093,57.50389448,,,,2.404416262,0.12537678,,,
18.57,57.67,18.25709812,57.54309977,,,,0.337117292,0.01847266,,,
18.57,58.16,18.72892511,58.11540339,,,,0.337117292,0.39176854,,,
19.06,58.65,19.06601752,58.80964909,,,,0.008211627,1.245264419,,,
20.04,58.65,19.88701415,58.44979031,,,,0.791000296,1.245264419,,,
17.6,56.7,17.8596191,56.86595464,,,,2.404416262,0.695699183,,,
18.08,57.67,17.76653236,57.59478099,,,,1.146222957,0.01847266,,,
19.06,56.7,19.37142304,56.66082226,,,,0.008211627,0.695699183,,,
18.57,56.21,18.31322483,56.34900765,,,,0.337117292,1.753203304,,,
18.08,59.14,18.23654127,58.94782689,,,,1.146222957,2.578960299,,,
19.06,58.16,19.03914702,58.34259925,,,,0.008211627,0.39176854,,,
19.55,58.16,19.41424003,58.04534557,,,,0.159505961,0.39176854,,,
19.06,57.18,19.35274654,57.19058708,,,,0.008211627,0.12537678,,,
19.06,55.72,18.63659618,55.81761567,,,,0.008211627,3.290907424,,,
20.04,57.18,20.53772118,57.0014176,,,,0.791000296,0.12537678,,,
20.04,56.7,19.55112633,56.91040018,,,,0.791000296,0.695699183,,,
16.62,57.18,17.00231183,56.99463263,,,,6.404027592,0.12537678,,,
19.55,57.67,19.36597001,57.78006345,,,,0.159505961,0.01847266,,,
19.06,57.67,18.98340351,57.66815839,,,,0.008211627,0.01847266,,,
19.55,57.18,19.90233978,57.06346292,,,,0.159505961,0.12537678,,,
21.99,57.67,21.3990416,57.89268149,,,,8.062089996,0.01847266,,,
16.62,59.63,17.37042124,59.33040017,,,,6.404027592,4.392856179,,,
18.08,56.7,17.26980354,57.03864738,,,,1.146222957,0.695699183,,,
17.6,56.7,18.37430106,56.36085723,,,,2.404416262,0.695699183,,,
19.06,58.16,18.39396194,58.46476994,,,,0.008211627,0.39176854,,,
19.06,58.16,19.57801108,57.92100473,,,,0.008211627,0.39176854,,,
18.57,57.67,18.20785844,57.81258988,,,,0.337117292,0.01847266,,,
18.08,57.18,18.3032201,57.16501609,,,,1.146222957,0.12537678,,,
19.06,57.18,18.94285311,57.03874713,,,,0.008211627,0.12537678,,,
18.08,58.65,18.1325312,58.9654411,,,,1.146222957,1.245264419,,,
20.53,58.16,20.49715919,57.67328026,,,,1.902694631,0.39176854,,,
21.02,58.16,21.07669098,58.78749617,,,,3.494588966,0.39176854,,,
19.06,59.63,18.94397379,58.91743645,,,,0.008211627,4.392856179,,,
20.53,54.25,20.72443666,54.98059191,,,,1.902694631,10.78521978,,,
21.02,58.16,20.75144131,57.46774987,,,,3.494588966,0.39176854,,,
18.08,58.16,18.39354859,58.78984284,,,,1.146222957,0.39176854,,,
19.06,58.16,18.74942021,57.5726759,,,,0.008211627,0.39176854,,,
18.57,56.7,18.8228284,57.30439861,,,,0.337117292,0.695699183,,,
19.06,57.18,18.9125885,56.47895569,,,,0.008211627,0.12537678,,,
18.57,58.65,18.58287808,59.51846809,,,,0.337117292,1.245264419,,,
18.57,56.21,18.69649682,55.13968924,,,,0.337117292,1.753203304,,,
20.04,47.41,19.79246483,48.66420188,,,,0.791000296,102.497114,,,
18.08,55.23,18.41371568,53.86104196,,,,1.146222957,5.308811544,,,
19.06,56.21,18.6824933,57.58985672,,,,0.008211627,1.753203304,,,
20.04,57.18,20.41899685,55.90331303,,,,0.791000296,0.12537678,,,
20.53,57.18,20.18765693,58.25464612,,,,1.902694631,0.12537678,,,
20.53,62.56,20.80264142,61.7490508,,,,1.902694631,25.25981317,,,
20.53,58.16,20.35482421,58.69838866,,,,1.902694631,0.39176854,,,
19.06,57.67,19.11721139,57.3551338,,,,0.008211627,0.01847266,,,
19.06,57.67,19.12918872,57.85892403,,,,0.008211627,0.01847266,,,
19.06,56.7,18.87442023,56.51521379,,,,0.008211627,0.695699183,,,
20.04,59.14,20.30864521,59.43286761,,,,0.791000296,2.578960299,,,
20.04,57.18,19.74455381,56.70908481,,,,0.791000296,0.12537678,,,
18.08,54.74,18.33134932,55.39703928,,,,1.146222957,7.806915664,,,
20.04,61.09,19.90223418,60.29966652,,,,0.791000296,12.64452554,,,
19.06,56.21,19.03590303,57.04038702,,,,0.008211627,1.753203304,,,
19.06,57.18,19.2562855,56.41288568,,,,0.008211627,0.12537678,,,
19.06,58.16,18.72596039,58.77764677,,,,0.008211627,0.39176854,,,
16.62,57.67,17.01962166,57.25605967,,,,6.404027592,0.01847266,,,
20.04,57.67,19.66500818,57.85848866,,,,0.791000296,0.01847266,,,
18.57,57.18,18.83824078,57.21546399,,,,0.337117292,0.12537678,,,
17.6,57.67,17.48894687,57.42349488,,,,2.404416262,0.01847266,,,
18.57,58.16,18.51834514,58.60141797,,,,0.337117292,0.39176854,,,
18.08,58.16,18.25565446,57.541354,,,,1.146222957,0.39176854,,,
19.06,57.18,18.83004353,57.95278497,,,,0.008211627,0.12537678,,,
18.57,58.16,18.77454081,57.26704728,,,,0.337117292,0.39176854,,,
19.06,56.21,18.94812618,57.17570244,,,,0.008211627,1.753203304,,,
18.57,59.14,18.5524797,58.15916457,,,,0.337117292,2.578960299,,,
19.06,54.74,19.20402057,55.67694423,,,,0.008211627,7.806915664,,,
20.53,56.7,20.29993359,55.85647924,,,,1.902694631,0.695699183,,,
18.08,57.18,18.33039332,57.89834125,,,,1.146222957,0.12537678,,,
19.06,57.18,18.86187527,56.5983394,,,,0.008211627,0.12537678,,,
20.04,55.72,20.12482111,56.17040247,,,,0.791000296,3.290907424,,,
20.04,57.67,20.10494259,57.33524526,,,,0.791000296,0.01847266,,,
20.53,57.67,20.30819194,57.9075003,,,,1.902694631,0.01847266,,,
18.57,58.16,18.92949027,58.00489158,,,,0.337117292,0.39176854,,,
19.06,57.18,18.600061,57.25971113,,,,0.008211627,0.12537678,,,
18.57,55.23,19.08494059,55.22827801,,,,0.337117292,5.308811544,,,
19.55,55.72,19.02527698,55.63313539,,,,0.159505961,3.290907424,,,
18.57,58.16,19.06497077,58.34890016,,,,0.337117292,0.39176854,,,
19.55,58.16,19.11633239,57.86043378,,,,0.159505961,0.39176854,,,
19.06,56.21,19.40873592,56.61652142,,,,0.008211627,1.753203304,,,
19.06,57.18,18.81298729,56.68687935,,,,0.008211627,0.12537678,,,
18.57,56.7,18.70470941,57.24341194,,,,0.337117292,0.695699183,,,
19.06,59.14,19.04107067,58.59309514,,,,0.008211627,2.578960299,,,
18.08,57.67,17.98916092,58.17151103,,,,1.146222957,0.01847266,,,
18.08,57.18,18.26255208,56.7660692,,,,1.146222957,0.12537678,,,
19.55,56.21,19.30657539,56.5077358,,,,0.159505961,1.753203304,,,
19.06,57.67,19.32319761,57.49992966,,,,0.008211627,0.01847266,,,
19.55,58.16,19.31251759,58.20794104,,,,0.159505961,0.39176854,,,
19.06,57.67,19.22986132,57.72512233,,,,0.008211627,0.01847266,,,
19.55,58.16,19.47796213,58.02874844,,,,0.159505961,0.39176854,,,
19.06,58.16,19.02191267,58.3386464,,,,0.008211627,0.39176854,,,
18.57,58.16,18.7100791,57.9597761,,,,0.337117292,0.39176854,,,
19.55,57.18,19.33447312,57.38123862,,,,0.159505961,0.12537678,,,
19.06,57.18,19.31225069,56.99314328,,,,0.008211627,0.12537678,,,
19.55,57.67,19.30303112,57.83053269,,,,0.159505961,0.01847266,,,
19.06,58.16,19.26582205,58.03624726,,,,0.008211627,0.39176854,,,
19.55,57.67,19.40716294,57.7472036,,,,0.159505961,0.01847266,,,
19.55,58.16,19.62686273,58.13729114,,,,0.159505961,0.39176854,,,
19.55,57.67,19.52229316,57.63481585,,,,0.159505961,0.01847266,,,
19.55,57.18,19.56224247,57.26884693,,,,0.159505961,0.12537678,,,
19.55,58.16,19.50886842,58.03145118,,,,0.159505961,0.39176854,,,
19.06,57.67,19.17657396,57.81422448,,,,0.008211627,0.01847266,,,
19.55,56.7,19.31870402,56.57248938,,,,0.159505961,0.695699183,,,
19.55,57.67,19.91900721,57.74408077,,,,0.159505961,0.01847266,,,
19.55,58.65,19.04329087,58.6635674,,,,0.159505961,1.245264419,,,
19.06,57.18,19.67912649,57.05636908,,,,0.008211627,0.12537678,,,
21.51,57.18,20.82529577,57.41473472,,,,5.5666833,0.12537678,,,
17.6,57.18,18.29130477,56.86032373,,,,2.404416262,0.12537678,,,
18.57,55.72,17.9308627,56.07322551,,,,0.337117292,3.290907424,,,
19.06,56.21,19.59963042,55.88823423,,,,0.008211627,1.753203304,,,
19.06,54.74,18.64868754,54.97110525,,,,0.008211627,7.806915664,,,
18.08,58.65,18.35518238,58.5413564,,,,1.146222957,1.245264419,,,
19.55,58.16,19.39867064,58.15740549,,,,0.159505961,0.39176854,,,
19.06,56.21,19.11678859,56.2675258,,,,0.008211627,1.753203304,,,
18.57,59.63,18.56630135,59.60433364,,,,0.337117292,4.392856179,,,
18.08,58.65,18.07728647,58.55389991,,,,1.146222957,1.245264419,,,
18.08,56.7,18.04583576,56.98036681,,,,1.146222957,0.695699183,,,
19.55,56.21,19.65200828,55.73290037,,,,0.159505961,1.753203304,,,
19.06,56.21,18.87834434,56.83967005,,,,0.008211627,1.753203304,,,
17.6,60.61,17.8518394,59.91642486,,,,2.404416262,9.461247939,,,
20.04,56.21,19.74475196,56.86147586,,,,0.791000296,1.753203304,,,
19.55,58.16,19.85336257,57.64110446,,,,0.159505961,0.39176854,,,
19.55,58.65,19.27210951,58.98813505,,,,0.159505961,1.245264419,,,
18.57,57.18,18.7984444,57.01701189,,,,0.337117292,0.12537678,,,
18.57,58.16,18.40208859,58.20073425,,,,0.337117292,0.39176854,,,
19.55,57.67,19.65770185,57.67172709,,,,0.159505961,0.01847266,,,
19.55,57.67,19.49517451,57.70650136,,,,0.159505961,0.01847266,,,
19.06,58.16,19.07180152,58.02671368,,,,0.008211627,0.39176854,,,
19.55,57.18,19.57097316,57.43251279,,,,0.159505961,0.12537678,,,
19.55,58.65,19.50809038,58.29458187,,,,0.159505961,1.245264419,,,
19.55,57.67,19.59570507,58.08061505,,,,0.159505961,0.01847266,,,
19.55,58.16,19.52722389,57.7595796,,,,0.159505961,0.39176854,,,
19.55,57.18,19.51105257,57.50268573,,,,0.159505961,0.12537678,,,
18.08,58.65,18.23002423,58.46138922,,,,1.146222957,1.245264419,,,
18.57,59.14,18.2560303,59.15782446,,,,0.337117292,2.578960299,,,
18.57,57.67,19.09168118,57.83737569,,,,0.337117292,0.01847266,,,
17.11,59.63,16.36167008,59.28360672,,,,4.164121927,4.392856179,,,
16.13,59.14,17.0854578,59.64174268,,,,9.124133257,2.578960299,,,
19.55,57.67,18.45064426,57.05209752,,,,0.159505961,0.01847266,,,
16.13,57.18,17.27361821,57.86008995,,,,9.124133257,0.12537678,,,
20.04,57.18,18.96884522,56.50434459,,,,0.791000296,0.12537678,,,
18.08,53.27,18.97082972,53.86849195,,,,1.146222957,18.18242802,,,
19.06,59.14,18.42373743,58.68633793,,,,0.008211627,2.578960299,,,
17.6,60.61,17.95745749,60.86826647,,,,2.404416262,9.461247939,,,
17.6,57.18,17.49183507,57.14298801,,,,2.404416262,0.12537678,,,
18.57,56.7,18.50271598,56.51499848,,,,0.337117292,0.695699183,,,
17.6,56.7,17.74412752,57.08805363,,,,2.404416262,0.695699183,,,
18.57,57.18,18.44825169,56.62020472,,,,0.337117292,0.12537678,,,
19.06,55.72,19.08186753,56.41385059,,,,0.008211627,3.290907424,,,
17.6,59.14,17.71837761,58.35351232,,,,2.404416262,2.578960299,,,
18.08,58.65,17.82418166,59.48269576,,,,1.146222957,1.245264419,,,
19.06,57.67,19.41049622,56.84677258,,,,0.008211627,0.01847266,,,
20.53,56.21,20.1567621,56.95465306,,,,1.902694631,1.753203304,,,
19.06,58.16,19.37088138,57.57623312,,,,0.008211627,0.39176854,,,
19.55,56.7,19.38148108,57.0353601,,,,0.159505961,0.695699183,,,
19.06,58.16,19.02811914,58.14996121,,,,0.008211627,0.39176854,,,
18.57,58.16,18.82644651,57.79813051,,,,0.337117292,0.39176854,,,
19.55,58.65,19.0830696,59.38304625,,,,0.159505961,1.245264419,,,
19.06,58.16,19.68901651,57.11107262,,,,0.008211627,0.39176854,,,
21.99,51.32,21.27060351,52.58187638,,,,8.062089996,38.61486279,,,
19.55,59.14,20.27979019,57.79562869,,,,0.159505961,2.578960299,,,
20.04,58.65,19.37314911,59.94522614,,,,0.791000296,1.245264419,,,
19.06,57.67,19.60835235,56.53359372,,,,0.008211627,0.01847266,,,
18.08,57.18,17.68243887,58.08361138,,,,1.146222957,0.12537678,,,
17.11,59.14,17.34807207,58.50346978,,,,4.164121927,2.578960299,,,
20.53,55.72,20.43977648,56.09246927,,,,1.902694631,3.290907424,,,
21.02,56.7,20.98866647,56.55697254,,,,3.494588966,0.695699183,,,
18.57,57.67,18.68952995,57.64167675,,,,0.337117292,0.01847266,,,
19.55,57.18,19.37443755,57.30876698,,,,0.159505961,0.12537678,,,
18.57,57.67,18.77693226,57.51205827,,,,0.337117292,0.01847266,,,
16.62,56.7,16.39725387,56.82760067,,,,6.404027592,0.695699183,,,
18.08,56.7,18.30852502,56.64143255,,,,1.146222957,0.695699183,,,
19.06,58.16,18.83640827,58.13567693,,,,0.008211627,0.39176854,,,
16.13,58.65,16.33237429,58.7477718,,,,9.124133257,1.245264419,,,
16.62,58.16,16.46174337,58.01544356,,,,6.404027592,0.39176854,,,
18.08,57.18,18.16749907,57.33624702,,,,1.146222957,0.12537678,,,
18.57,58.16,18.57815637,58.02619565,,,,0.337117292,0.39176854,,,
19.55,57.18,19.4298456,57.26589689,,,,0.159505961,0.12537678,,,
21.02,55.72,21.25292887,55.69485146,,,,3.494588966,3.290907424,,,
20.53,56.21,20.20453929,56.17343923,,,,1.902694631,1.753203304,,,
18.57,57.18,18.94530507,57.27198061,,,,0.337117292,0.12537678,,,
19.55,58.65,19.18536158,58.50984127,,,,0.159505961,1.245264419,,,
18.57,57.67,18.8564062,57.85545971,,,,0.337117292,0.01847266,,,
19.55,56.7,19.40181279,56.46558323,,,,0.159505961,0.695699183,,,
19.06,56.7,19.03217895,56.99166066,,,,0.008211627,0.695699183,,,
18.57,58.16,18.7789371,57.80340427,,,,0.337117292,0.39176854,,,
19.55,58.16,19.19080999,58.58214487,,,,0.159505961,0.39176854,,,
18.57,58.65,19.01762264,58.17403325,,,,0.337117292,1.245264419,,,
19.55,57.18,19.09446279,57.683696,,,,0.159505961,0.12537678,,,
18.57,58.65,18.95093296,58.15687097,,,,0.337117292,1.245264419,,,
20.53,56.7,20.29090649,57.13788147,,,,1.902694631,0.695699183,,,
20.53,56.7,20.58910243,56.36074535,,,,1.902694631,0.695699183,,,
19.06,57.18,19.18289478,57.38599099,,,,0.008211627,0.12537678,,,
19.55,58.16,19.27817123,58.1074429,,,,0.159505961,0.39176854,,,
19.55,57.67,19.91110856,57.5667398,,,,0.159505961,0.01847266,,,
19.55,57.67,19.17212318,57.91315453,,,,0.159505961,0.01847266,,,
17.6,59.63,17.9255588,59.27860937,,,,2.404416262,4.392856179,,,
19.55,58.65,19.32669267,59.06766072,,,,0.159505961,1.245264419,,,
19.55,57.67,19.65194011,57.23108184,,,,0.159505961,0.01847266,,,
18.08,55.72,18.08318046,56.13974434,,,,1.146222957,3.290907424,,,
18.57,57.67,18.50957522,57.2988335,,,,0.337117292,0.01847266,,,
19.06,57.18,19.10882746,57.48783525,,,,0.008211627,0.12537678,,,
19.06,57.67,19.09793741,57.42625026,,,,0.008211627,0.01847266,,,
19.55,58.16,19.3592532,58.34772078,,,,0.159505961,0.39176854,,,
19.55,56.21,19.93689675,56.06932898,,,,0.159505961,1.753203304,,,
19.55,55.23,18.9557996,55.32652098,,,,0.159505961,5.308811544,,,
17.11,57.67,17.88685916,57.6234376,,,,4.164121927,0.01847266,,,
20.04,57.67,19.13785357,57.6550468,,,,0.791000296,0.01847266,,,
19.06,57.67,20.00646357,57.75696332,,,,0.008211627,0.01847266,,,
19.55,58.65,18.65036326,58.48893131,,,,0.159505961,1.245264419,,,
17.11,58.16,17.87711621,58.38392988,,,,4.164121927,0.39176854,,,
19.55,57.67,18.98008951,57.40883913,,,,0.159505961,0.01847266,,,
17.6,56.21,17.94155376,56.47135277,,,,2.404416262,1.753203304,,,
18.57,57.67,18.44853858,57.45081637,,,,0.337117292,0.01847266,,,
20.53,58.16,20.4755085,58.29683407,,,,1.902694631,0.39176854,,,
19.06,58.16,19.2233141,58.13652931,,,,0.008211627,0.39176854,,,
19.55,58.65,19.34948304,58.54332395,,,,0.159505961,1.245264419,,,
19.06,58.65,19.23968858,58.8868,,,,0.008211627,1.245264419,,,
19.06,58.16,18.93365736,57.80989048,,,,0.008211627,0.39176854,,,
19.55,56.7,19.6186257,57.13247397,,,,0.159505961,0.695699183,,,
18.57,58.16,18.54157056,57.68509955,,,,0.337117292,0.39176854,,,
19.55,56.21,19.56601664,56.68508012,,,,0.159505961,1.753203304,,,
20.04,56.21,20.0103133,55.77276955,,,,0.791000296,1.753203304,,,
18.57,56.7,18.6297684,57.07030374,,,,0.337117292,0.695699183,,,
19.55,58.16,19.45563629,57.87448477,,,,0.159505961,0.39176854,,,
19.55,56.7,19.67390857,56.89408363,,,,0.159505961,0.695699183,,,
19.55,57.18,19.40706358,57.074664,,,,0.159505961,0.12537678,,,
19.55,58.65,19.69933209,58.67510004,,,,0.159505961,1.245264419,,,
19.55,58.16,19.40745666,58.20511011,,,,0.159505961,0.39176854,,,
19.55,57.67,19.67227111,57.56269101,,,,0.159505961,0.01847266,,,
19.55,58.16,19.46150941,58.32463097,,,,0.159505961,0.39176854,,,
19.06,58.65,19.10276661,58.43160349,,,,0.008211627,1.245264419,,,
19.55,57.67,19.55994772,57.93603325,,,,0.159505961,0.01847266,,,
19.55,58.16,19.48977983,57.85936923,,,,0.159505961,0.39176854,,,
19.55,58.65,19.64474685,58.96230302,,,,0.159505961,1.245264419,,,
19.06,58.65,18.96102147,58.35870321,,,,0.008211627,1.245264419,,,
18.57,57.18,18.63123689,57.41237248,,,,0.337117292,0.12537678,,,
20.04,58.65,20.06301596,58.51096925,,,,0.791000296,1.245264419,,,
19.55,57.18,19.40146291,57.20539133,,,,0.159505961,0.12537678,,,
18.08,56.7,18.38061984,56.78592336,,,,1.146222957,0.695699183,,,
19.55,58.16,19.0916895,57.99042976,,,,0.159505961,0.39176854,,,
19.06,56.21,19.65915367,56.41448201,,,,0.008211627,1.753203304,,,
20.04,56.7,19.33612977,56.52100308,,,,0.791000296,0.695699183,,,
18.08,58.16,18.83997489,58.25244704,,,,1.146222957,0.39176854,,,
19.55,57.67,18.78620734,57.71619918,,,,0.159505961,0.01847266,,,
16.62,57.18,17.34038012,56.95919003,,,,6.404027592,0.12537678,,,
17.6,56.21,16.95891032,56.6204124,,,,2.404416262,1.753203304,,,
18.08,56.21,18.61935139,55.61856387,,,,1.146222957,1.753203304,,,
19.55,56.21,19.12376531,56.95061714,,,,0.159505961,1.753203304,,,
18.57,60.12,18.87757022,59.28121514,,,,0.337117292,6.686952059,,,
18.08,56.7,17.89637651,57.57459797,,,,1.146222957,0.695699183,,,
18.08,55.72,18.13124081,54.87326738,,,,1.146222957,3.290907424,,,
19.55,55.23,19.64242435,55.99385911,,,,0.159505961,5.308811544,,,
20.04,58.65,19.79392832,58.00708523,,,,0.791000296,1.245264419,,,
19.06,55.72,19.46190523,56.22607862,,,,0.008211627,3.290907424,,,
19.06,56.7,18.51419727,56.32389382,,,,0.008211627,0.695699183,,,
18.08,58.65,18.74007538,58.92032834,,,,1.146222957,1.245264419,,,
20.53,57.18,19.80197598,56.98441551,,,,1.902694631,0.12537678,,,
18.57,56.7,19.30881968,56.84714531,,,,0.337117292,0.695699183,,,
19.55,59.14,18.85901001,59.02730122,,,,0.159505961,2.578960299,,,
18.08,57.67,18.67330468,57.74921316,,,,1.146222957,0.01847266,,,
20.04,57.18,19.57718708,57.14112748,,,,0.791000296,0.12537678,,,
19.55,57.18,19.87061531,57.17147488,,,,0.159505961,0.12537678,,,
19.06,57.18,18.87340229,57.23679726,,,,0.008211627,0.12537678,,,
19.55,58.65,19.6248669,58.55345046,,,,0.159505961,1.245264419,,,
19.55,58.16,19.5584689,58.27829459,,,,0.159505961,0.39176854,,,
18.57,57.67,18.50539134,57.55570195,,,,0.337117292,0.01847266,,,
18.57,57.67,18.66934424,57.74920622,,,,0.337117292,0.01847266,,,
18.57,56.7,18.45006529,56.68949153,,,,0.337117292,0.695699183,,,
18.08,56.7,18.2127498,56.60989168,,,,1.146222957,0.695699183,,,
19.55,57.18,19.40811196,57.39446691,,,,0.159505961,0.12537678,,,
20.04,57.67,20.18839757,57.32408747,,,,0.791000296,0.01847266,,,
19.55,58.16,19.40004051,58.61953654,,,,0.159505961,0.39176854,,,
19.06,58.16,19.20146866,57.63394731,,,,0.008211627,0.39176854,,,
19.06,56.21,18.9429899,56.72924813,,,,0.008211627,1.753203304,,,
19.06,58.65,19.13303362,58.22510513,,,,0.008211627,1.245264419,,,
20.04,56.7,20.02838225,56.94751558,,,,0.791000296,0.695699183,,,
19.06,57.18,19.00219343,57.16835617,,,,0.008211627,0.12537678,,,
18.57,57.67,18.68969421,57.42640566,,,,0.337117292,0.01847266,,,
18.08,56.21,17.9230554,56.68482849,,,,1.146222957,1.753203304,,,
17.6,58.65,17.75753785,58.00408064,,,,2.404416262,1.245264419,,,
21.02,56.21,20.89942947,56.94646631,,,,3.494588966,1.753203304,,,
19.55,57.67,19.60856763,56.92528745,,,,0.159505961,0.01847266,,,
18.08,57.67,18.08569886,58.35474768,,,,1.146222957,0.01847266,,,
22.48,56.7,22.43334583,56.11976346,,,,11.08478433,0.695699183,,,
24.44,52.79,24.48392017,53.24761111,,,,27.97756167,22.50635043,,,
21.02,54.74,21.03243212,54.3995138,,,,3.494588966,7.806915664,,,
16.62,57.18,16.49980532,57.42560774,,,,6.404027592,0.12537678,,,
16.13,57.67,16.39613988,57.48945617,,,,9.124133257,0.01847266,,,
19.55,57.18,19.12081161,57.32388461,,,,0.159505961,0.12537678,,,
18.57,57.67,19.15472612,57.5418044,,,,0.337117292,0.01847266,,,
18.57,56.21,17.86127875,56.33449668,,,,0.337117292,1.753203304,,,
17.11,56.21,17.89082981,56.08380622,,,,4.164121927,1.753203304,,,
19.55,56.21,18.76321688,56.34087058,,,,0.159505961,1.753203304,,,
19.55,57.67,20.2706408,57.53045914,,,,0.159505961,0.01847266,,,
20.53,58.16,19.94304895,58.31406266,,,,1.902694631,0.39176854,,,
17.6,57.18,18.00213756,57.00585454,,,,2.404416262,0.12537678,,,
19.55,57.18,19.35620185,57.37564849,,,,0.159505961,0.12537678,,,
20.04,58.16,20.03665709,57.9486953,,,,0.791000296,0.39176854,,,
19.06,56.7,19.21465859,56.91359626,,,,0.008211627,0.695699183,,,
20.53,56.7,20.29621408,56.50177433,,,,1.902694631,0.695699183,,,
18.57,56.7,18.7985938,56.86646263,,,,0.337117292,0.695699183,,,
17.11,58.16,16.96706719,58.03459474,,,,4.164121927,0.39176854,,,
18.57,57.67,18.56444694,57.75601164,,,,0.337117292,0.01847266,,,
19.55,56.7,19.7396127,56.64061668,,,,0.159505961,0.695699183,,,
19.55,56.7,19.17317414,56.75245307,,,,0.159505961,0.695699183,,,
18.08,57.18,18.61393052,57.11531165,,,,1.146222957,0.12537678,,,
18.57,58.16,17.93844525,58.24719154,,,,0.337117292,0.39176854,,,
18.57,57.67,19.21959288,57.56522615,,,,0.337117292,0.01847266,,,
20.53,56.21,19.94744645,56.31054846,,,,1.902694631,1.753203304,,,
17.11,57.18,17.55309065,57.11851496,,,,4.164121927,0.12537678,,,
19.55,56.7,19.28881813,56.68269499,,,,0.159505961,0.695699183,,,
19.55,56.7,19.62726683,56.83128182,,,,0.159505961,0.695699183,,,
17.11,58.16,17.17942466,57.89166142,,,,4.164121927,0.39176854,,,
20.04,56.7,19.88715127,57.11239623,,,,0.791000296,0.695699183,,,
20.04,57.18,20.20704698,56.63316963,,,,0.791000296,0.12537678,,,
19.06,56.21,18.93483642,56.86659042,,,,0.008211627,1.753203304,,,
19.55,57.67,19.60193884,56.94091288,,,,0.159505961,0.01847266,,,
19.06,56.7,19.08620641,57.45462648,,,,0.008211627,0.695699183,,,
19.55,58.16,19.46063531,57.43292134,,,,0.159505961,0.39176854,,,
19.06,56.21,19.18826113,56.85495266,,,,0.008211627,1.753203304,,,
19.06,57.18,18.91600466,56.66746909,,,,0.008211627,0.12537678,,,
19.55,56.7,19.69462857,57.04048296,,,,0.159505961,0.695699183,,,
19.55,58.16,19.40941781,58.01453247,,,,0.159505961,0.39176854,,,
19.06,58.16,19.2006539,58.10846028,,,,0.008211627,0.39176854,,,
19.55,57.67,19.40039868,57.89815138,,,,0.159505961,0.01847266,,,
19.06,58.65,19.22731983,58.28579449,,,,0.008211627,1.245264419,,,
19.06,57.67,18.87077275,58.11523747,,,,0.008211627,0.01847266,,,
19.06,58.16,19.26755574,57.695061,,,,0.008211627,0.39176854,,,
20.04,57.18,19.82661647,57.60621446,,,,0.791000296,0.12537678,,,
19.55,58.16,19.74909521,57.81914058,,,,0.159505961,0.39176854,,,
19.55,57.67,19.38928467,57.89799992,,,,0.159505961,0.01847266,,,
19.06,58.16,19.1595315,58.04859644,,,,0.008211627,0.39176854,,,
19.55,58.16,19.5274158,58.17584233,,,,0.159505961,0.39176854,,,
19.55,58.65,19.49176404,58.68713824,,,,0.159505961,1.245264419,,,
19.55,58.65,19.67851028,58.61652783,,,,0.159505961,1.245264419,,,
20.04,57.67,19.8653743,57.6399848,,,,0.791000296,0.01847266,,,
19.06,58.16,19.24722147,58.30417265,,,,0.008211627,0.39176854,,,
19.55,58.65,19.38637284,58.3609692,,,,0.159505961,1.245264419,,,
19.06,57.67,19.16845312,58.10828696,,,,0.008211627,0.01847266,,,
19.06,59.14,19.02776323,58.57450189,,,,0.008211627,2.578960299,,,
20.04,56.7,19.98889082,57.3498904,,,,0.791000296,0.695699183,,,
19.06,57.67,19.18687188,56.99009071,,,,0.008211627,0.01847266,,,
18.08,56.7,17.89865542,57.35379186,,,,1.146222957,0.695699183,,,
19.06,57.18,19.26310353,56.60213896,,,,0.008211627,0.12537678,,,
20.04,56.21,19.85528716,56.67400966,,,,0.791000296,1.753203304,,,
19.06,57.18,19.18528509,56.85248196,,,,0.008211627,0.12537678,,,
19.06,56.21,19.02706002,56.39535636,,,,0.008211627,1.753203304,,,
17.6,57.67,17.52532484,57.61566335,,,,2.404416262,0.01847266,,,
18.08,58.16,18.25323441,58.10855082,,,,1.146222957,0.39176854,,,
20.04,56.21,19.8020674,56.33352506,,,,0.791000296,1.753203304,,,
19.55,57.18,19.8012006,57.01912243,,,,0.159505961,0.12537678,,,
21.02,58.16,20.81113237,58.32949104,,,,3.494588966,0.39176854,,,
18.57,57.67,18.69188356,57.51023604,,,,0.337117292,0.01847266,,,
17.6,58.16,17.58759772,58.30341923,,,,2.404416262,0.39176854,,,
19.55,59.63,19.45558414,59.49858325,,,,0.159505961,4.392856179,,,
18.57,57.67,18.74932809,57.80294646,,,,0.337117292,0.01847266,,,
19.55,57.18,19.31525532,57.02551395,,,,0.159505961,0.12537678,,,
20.04,58.65,20.30522811,58.84835131,,,,0.791000296,1.245264419,,,
20.04,59.14,19.75658575,58.87854588,,,,0.791000296,2.578960299,,,
19.06,56.7,19.36374462,57.03537186,,,,0.008211627,0.695699183,,,
19.55,57.18,19.21346205,56.77208611,,,,0.159505961,0.12537678,,,
19.55,57.67,19.93416773,58.13556017,,,,0.159505961,0.01847266,,,
19.55,58.16,19.10970121,57.66364035,,,,0.159505961,0.39176854,,,
18.08,56.21,18.57234538,56.7031794,,,,1.146222957,1.753203304,,,
19.55,58.16,19.02375404,57.70338999,,,,0.159505961,0.39176854,,,
17.6,57.18,18.13159478,57.57604817,,,,2.404416262,0.12537678,,,
19.55,58.16,19.04507399,57.83224075,,,,0.159505961,0.39176854,,,
19.55,58.16,19.99990984,58.4301252,,,,0.159505961,0.39176854,,,
19.55,58.16,19.17509286,57.92223818,,,,0.159505961,0.39176854,,,
19.06,58.16,19.34964758,58.39682965,,,,0.008211627,0.39176854,,,
19.55,57.67,19.34713914,57.40657026,,,,0.159505961,0.01847266,,,
19.06,56.21,19.18162999,56.51571484,,,,0.008211627,1.753203304,,,
19.55,57.67,19.49799554,57.32121508,,,,0.159505961,0.01847266,,,
19.06,57.18,19.059796,57.56032639,,,,0.008211627,0.12537678,,,
19.06,57.67,19.08938628,57.27511595,,,,0.008211627,0.01847266,,,
19.55,56.21,19.51882634,56.60540953,,,,0.159505961,1.753203304,,,
19.55,58.65,19.55413404,58.25843359,,,,0.159505961,1.245264419,,,
19.55,58.16,19.59869576,58.55504643,,,,0.159505961,0.39176854,,,
19.55,56.7,19.43079313,56.28664361,,,,0.159505961,0.695699183,,,
19.55,57.67,19.74498512,58.11487646,,,,0.159505961,0.01847266,,,
20.04,59.63,19.77849395,59.152011,,,,0.791000296,4.392856179,,,
19.55,56.7,19.85538841,57.19495484,,,,0.159505961,0.695699183,,,
20.53,57.18,20.21212773,56.70150596,,,,1.902694631,0.12537678,,,
19.06,56.7,19.35737174,57.11800412,,,,0.008211627,0.695699183,,,
19.55,58.16,19.29993886,57.8466496,,,,0.159505961,0.39176854,,,
19.55,57.67,19.73812358,57.84560534,,,,0.159505961,0.01847266,,,
19.55,58.16,19.42374873,58.13508118,,,,0.159505961,0.39176854,,,
19.06,58.65,19.13761822,58.53615117,,,,0.008211627,1.245264419,,,
19.06,57.67,19.00949901,57.88662279,,,,0.008211627,0.01847266,,,
19.06,57.67,19.10629276,57.40462375,,,,0.008211627,0.01847266,,,
19.06,57.18,19.00069482,57.43204779,,,,0.008211627,0.12537678,,,
19.55,57.67,19.62855027,57.48947472,,,,0.159505961,0.01847266,,,
19.55,57.18,19.45860482,57.24643572,,,,0.159505961,0.12537678,,,
19.06,57.67,19.14839377,57.7354739,,,,0.008211627,0.01847266,,,
20.04,57.18,19.97216852,56.99355713,,,,0.791000296,0.12537678,,,
19.55,56.7,19.58803419,56.97076625,,,,0.159505961,0.695699183,,,
20.53,58.65,20.51419456,58.34676437,,,,1.902694631,1.245264419,,,
19.55,56.7,19.5706081,56.98437352,,,,0.159505961,0.695699183,,,
18.08,57.67,18.01399408,57.43907124,,,,1.146222957,0.01847266,,,
20.53,57.67,20.68177778,57.84072393,,,,1.902694631,0.01847266,,,
19.06,56.7,18.79918259,56.5665008,,,,0.008211627,0.695699183,,,
16.13,57.67,16.49319377,57.81134539,,,,9.124133257,0.01847266,,,
19.55,57.67,19.12402407,57.46756697,,,,0.159505961,0.01847266,,,
19.06,56.7,19.48429244,57.00998332,,,,0.008211627,0.695699183,,,
19.06,58.65,18.71088378,58.20409463,,,,0.008211627,1.245264419,,,
19.06,57.67,19.26990953,58.25674946,,,,0.008211627,0.01847266,,,
20.04,58.65,20.00727494,57.94056259,,,,0.791000296,1.245264419,,,
19.06,56.7,18.91500574,57.49523375,,,,0.008211627,0.695699183,,,
17.6,59.14,17.88197619,58.30843057,,,,2.404416262,2.578960299,,,
18.57,58.16,18.22804464,58.97211081,,,,0.337117292,0.39176854,,,
18.08,58.16,18.38209936,57.42391864,,,,1.146222957,0.39176854,,,
18.57,57.18,18.41083709,57.78819088,,,,0.337117292,0.12537678,,,
18.57,58.65,18.50197574,58.21006549,,,,0.337117292,1.245264419,,,
19.06,56.7,19.40057472,56.95140318,,,,0.008211627,0.695699183,,,
18.57,58.16,17.96348919,58.08873885,,,,0.337117292,0.39176854,,,
19.55,56.21,20.36234668,56.1425998,,,,0.159505961,1.753203304,,,
25.9,54.25,24.98292314,54.38561922,,,,45.55415703,10.78521978,,,
19.55,58.16,20.45388148,58.04119838,,,,0.159505961,0.39176854,,,
19.06,58.65,18.27583129,58.67391369,,,,0.008211627,1.245264419,,,
19.55,58.16,20.14174702,58.28023833,,,,0.159505961,0.39176854,,,
19.55,58.16,19.17978861,57.88977478,,,,0.159505961,0.39176854,,,
19.55,56.7,19.70967361,57.08005954,,,,0.159505961,0.695699183,,,
19.06,58.16,19.07212315,57.74595001,,,,0.008211627,0.39176854,,,
18.57,56.7,18.43745677,57.05661024,,,,0.337117292,0.695699183,,,
19.55,57.67,19.7518043,57.45367217,,,,0.159505961,0.01847266,,,
20.04,57.18,19.8116854,57.20330826,,,,0.791000296,0.12537678,,,
19.06,56.7,19.28400394,56.87928102,,,,0.008211627,0.695699183,,,
19.55,57.67,19.34914789,57.32304783,,,,0.159505961,0.01847266,,,
19.55,56.21,19.71872641,56.65555852,,,,0.159505961,1.753203304,,,
19.55,58.16,19.41568817,57.70038887,,,,0.159505961,0.39176854,,,
18.57,57.18,18.67099776,57.57503764,,,,0.337117292,0.12537678,,,
18.57,57.67,18.50046229,57.39407061,,,,0.337117292,0.01847266,,,
19.06,58.16,19.09917687,58.29672894,,,,0.008211627,0.39176854,,,
19.55,58.16,19.5410216,58.14741105,,,,0.159505961,0.39176854,,,
19.55,58.65,19.52912525,58.58075782,,,,0.159505961,1.245264419,,,
19.55,58.65,19.59814074,58.74503786,,,,0.159505961,1.245264419,,,
19.55,58.65,19.48163108,58.58352072,,,,0.159505961,1.245264419,,,
19.55,58.16,19.62582568,58.15904043,,,,0.159505961,0.39176854,,,
19.55,58.16,19.48451906,58.24239984,,,,0.159505961,0.39176854,,,
19.55,58.65,19.5856853,58.50024525,,,,0.159505961,1.245264419,,,
19.55,58.16,19.55922509,58.33853967,,,,0.159505961,0.39176854,,,
18.57,58.16,18.51246325,58.0060984,,,,0.337117292,0.39176854,,,
19.55,57.18,19.64123987,57.25448247,,,,0.159505961,0.12537678,,,
20.04,57.67,19.94971614,57.71703367,,,,0.791000296,0.01847266,,,
19.06,56.7,19.09929672,56.51265609,,,,0.008211627,0.695699183,,,
20.04,56.21,20.10557117,56.5295659,,,,0.791000296,1.753203304,,,
19.55,58.65,19.33732431,58.22807129,,,,0.159505961,1.245264419,,,
19.06,55.23,19.43581588,55.71461141,,,,0.008211627,5.308811544,,,
21.02,57.18,20.49996508,56.66885864,,,,3.494588966,0.12537678,,,
19.06,57.67,19.67025425,58.18309007,,,,0.008211627,0.01847266,,,
19.55,56.7,18.93009627,56.19932632,,,,0.159505961,0.695699183,,,
18.57,58.16,19.10729164,58.63472448,,,,0.337117292,0.39176854,,,
19.55,58.16,19.18144947,57.73488716,,,,0.159505961,0.39176854,,,
16.13,55.23,16.26662592,55.56702255,,,,9.124133257,5.308811544,,,
15.64,58.16,15.76384992,57.95826369,,,,12.32443892,0.39176854,,,
19.55,57.18,19.17515926,57.20579775,,,,0.159505961,0.12537678,,,
19.06,57.67,19.64372459,57.83668149,,,,0.008211627,0.01847266,,,
19.55,58.16,18.82041083,57.81996852,,,,0.159505961,0.39176854,,,
18.08,54.74,18.88553387,55.19862528,,,,1.146222957,7.806915664,,,
19.55,57.18,18.73249402,56.68113584,,,,0.159505961,0.12537678,,,
17.11,56.7,17.89087391,57.15654059,,,,4.164121927,0.695699183,,,
19.06,57.18,18.34441601,56.83283046,,,,0.008211627,0.12537678,,,
19.06,57.67,19.70060623,57.87019577,,,,0.008211627,0.01847266,,,
20.53,58.65,19.96117921,58.59998991,,,,1.902694631,1.245264419,,,
19.06,58.16,19.56388438,58.08684903,,,,0.008211627,0.39176854,,,
17.6,55.72,17.15962918,55.87008927,,,,2.404416262,3.290907424,,,
17.11,57.18,17.47763325,57.00434793,,,,4.164121927,0.12537678,,,
20.04,58.16,19.76354339,58.31711003,,,,0.791000296,0.39176854,,,
19.06,57.18,19.22587025,57.07111166,,,,0.008211627,0.12537678,,,
20.53,57.67,20.4833983,57.71637396,,,,1.902694631,0.01847266,,,
19.55,57.67,19.48878224,57.68833827,,,,0.159505961,0.01847266,,,
17.6,57.18,17.73563274,57.10240467,,,,2.404416262,0.12537678,,,
20.53,57.67,20.36771515,57.79717627,,,,1.902694631,0.01847266,,,
19.06,56.7,19.20091899,56.53488669,,,,0.008211627,0.695699183,,,
17.6,56.21,17.51429746,56.40182304,,,,2.404416262,1.753203304,,,
19.06,58.65,19.07965576,58.43862076,,,,0.008211627,1.245264419,,,
19.06,56.7,19.09344686,56.93212721,,,,0.008211627,0.695699183,,,
19.06,56.7,19.00407128,56.435303,,,,0.008211627,0.695699183,,,
19.06,58.65,19.099851,58.96732266,,,,0.008211627,1.245264419,,,
18.57,59.14,18.58250953,58.74926301,,,,0.337117292,2.578960299,,,
18.57,56.7,18.47961881,57.17556625,,,,0.337117292,0.695699183,,,
19.55,56.21,19.72753363,55.65631356,,,,0.159505961,1.753203304,,,
21.02,55.72,20.76393479,56.32307963,,,,3.494588966,3.290907424,,,
19.55,58.65,19.8603541,58.04540118,,,,0.159505961,1.245264419,,,
18.57,57.18,18.2396591,57.72845083,,,,0.337117292,0.12537678,,,
17.11,59.14,17.42338033,58.70200978,,,,4.164121927,2.578960299,,,
19.06,58.16,18.7957147,58.4492027,,,,0.008211627,0.39176854,,,
19.55,57.18,19.74354947,57.05390683,,,,0.159505961,0.12537678,,,
19.06,58.16,18.94578235,58.13404353,,,,0.008211627,0.39176854,,,
19.06,58.16,19.09851945,58.30614961,,,,0.008211627,0.39176854,,,
19.55,57.67,19.57450715,57.44819018,,,,0.159505961,0.01847266,,,
19.55,57.67,19.48008177,57.91944388,,,,0.159505961,0.01847266,,,
19.55,58.16,19.6466568,57.92572702,,,,0.159505961,0.39176854,,,
20.04,56.7,19.93319102,56.88883499,,,,0.791000296,0.695699183,,,
19.55,58.16,19.65459215,58.02960673,,,,0.159505961,0.39176854,,,
19.55,58.65,19.45490832,58.72674546,,,,0.159505961,1.245264419,,,
19.55,57.67,19.63285054,57.62895382,,,,0.159505961,0.01847266,,,
19.55,58.16,19.47932973,58.18756793,,,,0.159505961,0.39176854,,,
19.06,57.67,19.11906292,57.6394266,,,,0.008211627,0.01847266,,,
18.57,57.67,18.5233875,57.70721691,,,,0.337117292,0.01847266,,,
19.06,59.14,19.09121931,59.10657796,,,,0.008211627,2.578960299,,,
20.04,58.16,20.02814954,58.17018823,,,,0.791000296,0.39176854,,,
18.57,57.67,18.55997366,57.70238512,,,,0.337117292,0.01847266,,,
17.6,58.16,17.6302921,58.0751561,,,,2.404416262,0.39176854,,,
18.57,58.65,18.52642121,58.78167427,,,,0.337117292,1.245264419,,,
18.57,58.16,18.61535893,58.00320531,,,,0.337117292,0.39176854,,,
18.57,56.21,18.53656404,56.35939715,,,,0.337117292,1.753203304,,,
18.57,58.16,18.57820316,58.05205412,,,,0.337117292,0.39176854,,,
18.08,57.18,18.10805377,57.22028476,,,,1.146222957,0.12537678,,,
18.08,55.72,18.00783439,55.76064244,,,,1.146222957,3.290907424,,,
18.57,58.16,18.69095083,58.03672434,,,,0.337117292,0.39176854,,,
19.06,56.7,18.88816521,56.90210935,,,,0.008211627,0.695699183,,,
18.08,57.18,18.30315805,56.90263078,,,,1.146222957,0.12537678,,,
19.06,58.65,18.78610961,58.99974267,,,,0.008211627,1.245264419,,,
18.57,58.16,18.89246092,57.74642538,,,,0.337117292,0.39176854,,,
19.06,57.18,18.69500019,57.63311509,,,,0.008211627,0.12537678,,,
19.55,56.21,19.94413092,55.76517764,,,,0.159505961,1.753203304,,,
19.06,54.25,18.66022641,54.61562792,,,,0.008211627,10.78521978,,,
17.11,56.7,17.48260805,56.49590943,,,,4.164121927,0.695699183,,,
19.55,56.7,19.24089102,56.66963239,,,,0.159505961,0.695699183,,,
19.06,58.65,19.27556227,58.95476674,,,,0.008211627,1.245264419,,,
19.06,57.67,18.95138965,57.10110106,,,,0.008211627,0.01847266,,,
17.6,54.74,17.61160421,55.50970333,,,,2.404416262,7.806915664,,,
16.13,60.12,16.18194161,59.25110855,,,,9.124133257,6.686952059,,,
18.57,56.21,18.50475745,57.06653753,,,,0.337117292,1.753203304,,,
19.55,57.67,19.57285512,56.91569838,,,,0.159505961,0.01847266,,,
18.57,57.18,18.63832816,57.78662602,,,,0.337117292,0.12537678,,,
20.53,55.72,20.33895452,55.25607407,,,,1.902694631,3.290907424,,,
21.02,55.72,21.34102665,56.08504226,,,,3.494588966,3.290907424,,,
17.6,56.21,17.16883156,55.88434006,,,,2.404416262,1.753203304,,,
16.13,56.7,16.6272005,57.03612284,,,,9.124133257,0.695699183,,,
21.02,58.16,20.51529804,57.79181029,,,,3.494588966,0.39176854,,,
18.57,55.23,19.02473299,55.61729567,,,,0.337117292,5.308811544,,,
19.55,56.21,19.1857978,55.8444984,,,,0.159505961,1.753203304,,,
20.53,56.7,20.78956018,56.9908374,,,,1.902694631,0.695699183,,,
18.57,58.65,18.40336053,58.47927912,,,,0.337117292,1.245264419,,,
18.57,57.67,18.67181094,57.6992281,,,,0.337117292,0.01847266,,,
19.06,56.7,18.99151899,56.80058893,,,,0.008211627,0.695699183,,,
18.57,57.67,18.62963343,57.48297818,,,,0.337117292,0.01847266,,,
19.55,56.21,19.48590662,56.41943375,,,,0.159505961,1.753203304,,,
18.57,56.7,18.64299745,56.53576459,,,,0.337117292,0.695699183,,,
19.06,56.7,18.97640569,56.76534651,,,,0.008211627,0.695699183,,,
19.55,57.67,19.64921296,57.73063152,,,,0.159505961,0.01847266,,,
19.55,59.14,19.42387468,58.95733777,,,,0.159505961,2.578960299,,,
19.55,57.67,19.71925199,57.94414885,,,,0.159505961,0.01847266,,,
19.55,58.65,19.32120747,58.33043663,,,,0.159505961,1.245264419,,,
19.55,57.67,19.84913887,57.98692414,,,,0.159505961,0.01847266,,,
20.53,56.7,20.15965662,56.42396163,,,,1.902694631,0.695699183,,,
19.06,56.7,19.49130673,56.91412602,,,,0.008211627,0.695699183,,,
20.53,57.67,20.05692208,57.51905854,,,,1.902694631,0.01847266,,,
19.06,56.7,19.55066492,56.80466926,,,,0.008211627,0.695699183,,,
19.55,57.18,19.06731456,57.09127015,,,,0.159505961,0.12537678,,,
19.55,58.65,19.99956695,58.75934722,,,,0.159505961,1.245264419,,,
19.55,58.65,19.15804654,58.48575529,,,,0.159505961,1.245264419,,,
18.57,56.7,18.88077646,56.94303054,,,,0.337117292,0.695699183,,,
19.55,57.67,19.34086936,57.34080746,,,,0.159505961,0.01847266,,,
18.08,58.16,18.17455621,58.5630271,,,,1.146222957,0.39176854,,,
19.06,57.67,19.08029408,57.22489155,,,,0.008211627,0.01847266,,,
20.04,55.72,19.92020174,56.16035077,,,,0.791000296,3.290907424,,,
18.57,57.67,18.7597094,57.28780395,,,,0.337117292,0.01847266,,,
19.55,56.7,19.32842183,56.97539315,,,,0.159505961,0.695699183,,,
19.55,57.67,19.76506779,57.53428608,,,,0.159505961,0.01847266,,,
19.55,58.65,19.37267308,58.6362766,,,,0.159505961,1.245264419,,,
19.06,57.67,19.18015201,57.81811652,,,,0.008211627,0.01847266,,,
19.06,58.16,19.00361466,57.91361197,,,,0.008211627,0.39176854,,,
19.55,58.16,19.54683941,58.45465411,,,,0.159505961,0.39176854,,,
19.55,58.65,19.60145225,58.36259728,,,,0.159505961,1.245264419,,,
19.55,58.16,19.46458221,58.38706326,,,,0.159505961,0.39176854,,,
19.55,58.16,19.65490837,58.03718303,,,,0.159505961,0.39176854,,,
19.55,57.67,19.43880653,57.65907465,,,,0.159505961,0.01847266,,,
19.55,58.16,19.65574612,58.31643018,,,,0.159505961,0.39176854,,,
20.04,58.65,19.95030841,58.35485045,,,,0.791000296,1.245264419,,,
19.55,57.18,19.61378614,57.59072752,,,,0.159505961,0.12537678,,,
20.04,58.16,20.01150636,57.66819373,,,,0.791000296,0.39176854,,,
20.53,57.18,20.51388913,57.71365205,,,,1.902694631,0.12537678,,,
19.06,59.14,19.13036933,58.60200189,,,,0.008211627,2.578960299,,,
18.08,58.65,17.94553573,59.16129837,,,,1.146222957,1.245264419,,,
18.08,57.67,18.28710476,57.20762835,,,,1.146222957,0.01847266,,,
19.06,56.7,18.77590869,57.10071334,,,,0.008211627,0.695699183,,,
18.57,59.14,18.92765489,58.80395787,,,,0.337117292,2.578960299,,,
18.57,57.18,18.15287543,57.45821378,,,,0.337117292,0.12537678,,,
18.08,57.18,18.53098582,56.94404462,,,,1.146222957,0.12537678,,,
20.53,57.67,20.08013071,57.88401668,,,,1.902694631,0.01847266,,,
19.06,56.21,19.46941928,55.9996595,,,,0.008211627,1.753203304,,,
18.57,55.72,18.23813836,55.93567238,,,,0.337117292,3.290907424,,,
18.08,57.67,18.30584183,57.45325117,,,,1.146222957,0.01847266,,,
18.57,57.18,18.46494142,57.38190528,,,,0.337117292,0.12537678,,,
18.57,57.18,18.55640385,57.01348207,,,,0.337117292,0.12537678,,,
19.06,56.21,19.17218105,56.32591385,,,,0.008211627,1.753203304,,,
19.55,57.67,19.37568767,57.60552162,,,,0.159505961,0.01847266,,,
19.55,57.67,19.7382856,57.70083994,,,,0.159505961,0.01847266,,,
20.04,56.7,19.88971692,56.6696979,,,,0.791000296,0.695699183,,,
19.06,57.18,19.12672306,57.24711002,,,,0.008211627,0.12537678,,,
19.55,56.21,19.59543186,56.08015731,,,,0.159505961,1.753203304,,,
19.55,57.18,19.38873264,57.37243366,,,,0.159505961,0.12537678,,,
18.57,59.14,18.82331619,58.91882053,,,,0.337117292,2.578960299,,,
19.55,57.18,19.25149845,57.3655213,,,,0.159505961,0.12537678,,,
19.55,56.7,19.83467086,56.63128563,,,,0.159505961,0.695699183,,,
20.04,56.7,19.82517821,56.57468113,,,,0.791000296,0.695699183,,,
18.08,57.67,18.18754039,58.04108603,,,,1.146222957,0.01847266,,,
20.04,57.18,20.04736,56.55298973,,,,0.791000296,0.12537678,,,
19.06,54.25,18.96206583,55.09619531,,,,0.008211627,10.78521978,,,
12.71,57.67,12.85150926,56.680493,,,,41.48156055,0.01847266,,,
15.64,54.74,15.50657657,55.77645661,,,,12.32443892,7.806915664,,,
19.06,58.16,19.148296,57.17037857,,,,0.008211627,0.39176854,,,
17.6,56.7,17.5668805,57.57081511,,,,2.404416262,0.695699183,,,
18.08,57.18,18.07628153,56.46929436,,,,1.146222957,0.12537678,,,
19.06,56.7,19.06208604,57.2363826,,,,0.008211627,0.695699183,,,
19.06,54.25,19.10459693,53.88770902,,,,0.008211627,10.78521978,,,
18.57,54.74,18.44135081,54.92846135,,,,0.337117292,7.806915664,,,
18.08,59.63,18.31104644,59.62364909,,,,1.146222957,4.392856179,,,
19.06,58.16,18.73312314,57.9684667,,,,0.008211627,0.39176854,,,
19.06,56.7,19.45213215,57.10387879,,,,0.008211627,0.695699183,,,
20.53,59.14,20.11959773,58.52175401,,,,1.902694631,2.578960299,,,
19.55,57.67,19.92793204,58.48381238,,,,0.159505961,0.01847266,,,
20.53,59.14,20.2244141,58.17346864,,,,1.902694631,2.578960299,,,
18.57,56.21,18.78666148,57.26439604,,,,0.337117292,1.753203304,,,
19.55,56.7,19.40957816,55.63814546,,,,0.159505961,0.695699183,,,
21.51,55.23,21.61278002,56.2132674,,,,5.5666833,5.308811544,,,
20.04,59.63,19.92271334,58.80478279,,,,0.791000296,4.392856179,,,
19.55,57.67,19.73016879,58.27685974,,,,0.159505961,0.01847266,,,
19.55,57.18,19.278359,56.82258464,,,,0.159505961,0.12537678,,,
17.11,57.67,17.47278377,57.78102619,,,,4.164121927,0.01847266,,,
18.57,58.65,18.14508254,58.74945722,,,,0.337117292,1.245264419,,,
18.57,58.16,19.00793246,57.91190563,,,,0.337117292,0.39176854,,,
20.04,56.7,19.64473871,57.0200228,,,,0.791000296,0.695699183,,,
19.55,58.65,19.85485298,58.33631104,,,,0.159505961,1.245264419,,,
20.04,58.16,19.85342234,58.40050749,,,,0.791000296,0.39176854,,,
18.57,57.18,18.63689304,57.05827128,,,,0.337117292,0.12537678,,,
18.08,57.18,18.10809611,57.1634372,,,,1.146222957,0.12537678,,,
20.04,57.67,19.96049332,57.81866616,,,,0.791000296,0.01847266,,,
19.55,58.65,19.6303358,58.39657205,,,,0.159505961,1.245264419,,,
19.06,58.16,19.02376709,58.47693491,,,,0.008211627,0.39176854,,,
19.06,57.67,19.0223223,57.33619055,,,,0.008211627,0.01847266,,,
18.08,55.72,18.20224854,56.02719848,,,,1.146222957,3.290907424,,,
19.06,57.67,18.86031398,57.42265818,,,,0.008211627,0.01847266,,,
19.06,58.65,19.31709175,58.81862754,,,,0.008211627,1.245264419,,,
19.06,57.67,18.77233585,57.58427073,,,,0.008211627,0.01847266,,,
18.57,57.67,18.86017564,57.68028845,,,,0.337117292,0.01847266,,,
19.55,58.65,19.28230789,58.7005593,,,,0.159505961,1.245264419,,,
19.06,58.16,19.28611946,58.06618422,,,,0.008211627,0.39176854,,,
19.55,57.18,19.37730031,57.29946722,,,,0.159505961,0.12537678,,,
19.55,57.67,19.66452617,57.54054966,,,,0.159505961,0.01847266,,,
19.55,57.67,19.49263307,57.79688891,,,,0.159505961,0.01847266,,,
19.55,57.67,19.55517677,57.55456312,,,,0.159505961,0.01847266,,,
19.55,57.67,19.58953552,57.7687663,,,,0.159505961,0.01847266,,,
19.55,58.16,19.47528991,58.0796597,,,,0.159505961,0.39176854,,,
19.55,57.67,19.64765039,57.73335499,,,,0.159505961,0.01847266,,,
19.55,58.16,19.44553755,58.10951991,,,,0.159505961,0.39176854,,,
19.06,58.65,19.15044292,58.69318881,,,,0.008211627,1.245264419,,,
18.57,58.16,18.51850466,58.11900629,,,,0.337117292,0.39176854,,,
18.57,57.67,18.55628367,57.71128248,,,,0.337117292,0.01847266,,,
19.06,57.18,19.16154341,57.13975968,,,,0.008211627,0.12537678,,,
19.06,56.7,18.85791456,56.73468339,,,,0.008211627,0.695699183,,,
19.55,57.67,19.84998832,57.64599297,,,,0.159505961,0.01847266,,,
20.04,57.67,19.66216828,57.68127572,,,,0.791000296,0.01847266,,,
17.6,56.7,18.02137067,56.69709183,,,,2.404416262,0.695699183,,,
19.06,56.7,18.63540609,56.70717348,,,,0.008211627,0.695699183,,,
18.57,57.67,18.96220434,57.63786632,,,,0.337117292,0.01847266,,,
20.04,57.67,19.70184638,57.75345258,,,,0.791000296,0.01847266,,,
19.55,57.67,19.83061431,57.50778179,,,,0.159505961,0.01847266,,,
19.06,57.18,18.82474354,57.44314247,,,,0.008211627,0.12537678,,,
19.55,57.18,19.75943861,56.80607241,,,,0.159505961,0.12537678,,,
19.55,57.18,19.35027949,57.65663995,,,,0.159505961,0.12537678,,,
19.55,58.16,19.74381007,57.60864378,,,,0.159505961,0.39176854,,,
21.02,55.72,20.8439632,56.30123206,,,,3.494588966,3.290907424,,,
18.57,58.65,18.70367077,58.09298855,,,,0.337117292,1.245264419,,,
19.06,58.16,18.99903293,58.63885718,,,,0.008211627,0.39176854,,,
20.04,57.18,19.99926708,56.82518689,,,,0.791000296,0.12537678,,,
18.08,56.7,18.24588733,56.89724522,,,,1.146222957,0.695699183,,,
19.55,57.18,19.24221422,57.16055315,,,,0.159505961,0.12537678,,,
19.55,57.18,20.00929754,57.01365333,,,,0.159505961,0.12537678,,,
19.55,57.67,18.93874099,58.01977798,,,,0.159505961,0.01847266,,,
19.55,57.67,20.30076424,57.14713793,,,,0.159505961,0.01847266,,,
19.55,53.76,18.68790185,54.44035374,,,,0.159505961,14.2437239,,,
16.62,57.18,17.55122218,56.36090349,,,,6.404027592,0.12537678,,,
22.97,57.18,22.0183064,58.11540633,,,,14.58767867,0.12537678,,,
20.04,56.7,20.9679126,55.67866617,,,,0.791000296,0.695699183,,,
19.06,56.21,18.18721682,57.27279972,,,,0.008211627,1.753203304,,,
19.55,58.65,20.35091464,57.60757335,,,,0.159505961,1.245264419,,,
20.04,53.76,19.31806101,54.70679434,,,,0.791000296,14.2437239,,,
18.08,57.67,18.71818737,56.89566894,,,,1.146222957,0.01847266,,,
21.02,57.67,20.47260002,58.20923875,,,,3.494588966,0.01847266,,,
18.08,57.18,18.52764571,56.91058812,,,,1.146222957,0.12537678,,,
18.08,57.18,17.73915119,57.17988689,,,,1.146222957,0.12537678,,,
20.04,57.18,20.27332737,57.41495643,,,,0.791000296,0.12537678,,,
20.53,57.67,20.39563357,57.2620175,,,,1.902694631,0.01847266,,,
18.57,56.7,18.62464252,57.20376624,,,,0.337117292,0.695699183,,,
18.57,57.67,18.56494993,57.14910566,,,,0.337117292,0.01847266,,,
18.57,57.18,18.56518273,57.65213299,,,,0.337117292,0.12537678,,,
18.57,59.14,18.53906005,58.75773614,,,,0.337117292,2.578960299,,,
19.06,56.7,19.17187517,56.9832439,,,,0.008211627,0.695699183,,,
19.06,56.7,18.83035158,56.49324251,,,,0.008211627,0.695699183,,,
19.55,58.65,19.91877519,58.82560341,,,,0.159505961,1.245264419,,,
21.02,57.18,20.51009042,56.98300819,,,,3.494588966,0.12537678,,,
18.08,55.72,18.71452722,55.9809256,,,,1.146222957,3.290907424,,,
20.04,57.67,19.31113418,57.32540796,,,,0.791000296,0.01847266,,,
19.06,57.18,19.84530836,57.60069553,,,,0.008211627,0.12537678,,,
19.55,58.65,18.74886937,58.18374994,,,,0.159505961,1.245264419,,,
19.06,57.67,19.83634706,58.13901306,,,,0.008211627,0.01847266,,,
20.53,58.65,19.81728486,58.21977302,,,,1.902694631,1.245264419,,,
17.6,57.67,18.21455735,58.03355386,,,,2.404416262,0.01847266,,,
19.55,58.16,19.05980139,57.86912973,,,,0.159505961,0.39176854,,,
19.06,57.67,19.41213532,57.90608916,,,,0.008211627,0.01847266,,,
18.57,58.16,18.35492211,57.9415484,,,,0.337117292,0.39176854,,,
18.08,57.67,18.17265476,57.91680738,,,,1.146222957,0.01847266,,,
18.57,57.18,18.57565897,56.86366744,,,,0.337117292,0.12537678,,,
19.55,57.18,19.47378578,57.5888744,,,,0.159505961,0.12537678,,,
19.06,58.16,19.181048,57.66259678,,,,0.008211627,0.39176854,,,
18.57,56.7,18.42385853,57.25372276,,,,0.337117292,0.695699183,,,
19.06,59.14,19.21885249,58.5828913,,,,0.008211627,2.578960299,,,
20.04,57.67,19.87437682,58.17084323,,,,0.791000296,0.01847266,,,
19.55,58.65,19.72073469,58.25571677,,,,0.159505961,1.245264419,,,
19.55,57.67,19.37385718,57.92984843,,,,0.159505961,0.01847266,,,
19.06,56.7,19.24197877,56.57376994,,,,0.008211627,0.695699183,,,
19.55,56.7,19.3626904,56.72032776,,,,0.159505961,0.695699183,,,
19.06,57.18,19.25086965,57.21947787,,,,0.008211627,0.12537678,,,
19.55,58.65,19.35844774,58.60306556,,,,0.159505961,1.245264419,,,
19.55,58.65,19.7386105,58.65779213,,,,0.159505961,1.245264419,,,
19.55,57.67,19.36827557,57.73357005,,,,0.159505961,0.01847266,,,
18.57,58.16,18.7411151,58.01065879,,,,0.337117292,0.39176854,,,
19.55,58.16,19.39235274,58.39341037,,,,0.159505961,0.39176854,,,
20.04,59.14,20.18269934,58.83513266,,,,0.791000296,2.578960299,,,
19.55,57.67,19.42217541,58.0291004,,,,0.159505961,0.01847266,,,
19.06,58.16,19.17456643,57.76350121,,,,0.008211627,0.39176854,,,
20.04,58.16,19.93542601,58.57952975,,,,0.791000296,0.39176854,,,
19.06,57.67,19.15949236,57.24035323,,,,0.008211627,0.01847266,,,
19.55,55.72,19.45010166,56.14549603,,,,0.159505961,3.290907424,,,
20.04,58.16,20.14340484,57.75709702,,,,0.791000296,0.39176854,,,
17.6,58.65,17.49657499,59.00600726,,,,2.404416262,1.245264419,,,
18.08,58.16,18.1706322,57.88115872,,,,1.146222957,0.39176854,,,
20.04,57.18,19.98219543,57.34736626,,,,0.791000296,0.12537678,,,
18.08,57.67,18.0859743,57.64786312,,,,1.146222957,0.01847266,,,
19.55,57.67,19.60219509,57.52098244,,,,0.159505961,0.01847266,,,
19.55,57.67,19.45492376,57.99962124,,,,0.159505961,0.01847266,,,
18.08,58.16,18.18066216,57.66431231,,,,1.146222957,0.39176854,,,
21.02,57.18,20.96282096,57.79977547,,,,3.494588966,0.12537678,,,
20.04,58.16,20.01016915,57.48264451,,,,0.791000296,0.39176854,,,
19.55,55.72,19.68799236,56.37387802,,,,0.159505961,3.290907424,,,
20.04,57.67,19.8036437,57.11975922,,,,0.791000296,0.01847266,,,
17.6,56.21,17.89777895,56.5944299,,,,2.404416262,1.753203304,,,
20.04,56.7,19.73013742,56.51179682,,,,0.791000296,0.695699183,,,
19.06,56.7,19.33963678,56.69947146,,,,0.008211627,0.695699183,,,
19.06,56.21,18.82994975,56.35731783,,,,0.008211627,1.753203304,,,
19.55,58.16,19.74001753,57.93032481,,,,0.159505961,0.39176854,,,
18.57,56.7,18.38756362,56.94162192,,,,0.337117292,0.695699183,,,
19.06,56.21,19.27507761,56.01706011,,,,0.008211627,1.753203304,,,
19.55,57.67,19.27238156,57.77397701,,,,0.159505961,0.01847266,,,
18.57,58.16,18.91533695,58.16135454,,,,0.337117292,0.39176854,,,
20.53,57.67,20.14259277,57.5683629,,,,1.902694631,0.01847266,,,
19.06,57.18,19.43641558,57.36163227,,,,0.008211627,0.12537678,,,
19.06,58.16,18.7639247,57.92655271,,,,0.008211627,0.39176854,,,
19.55,56.7,19.69563234,56.95549897,,,,0.159505961,0.695699183,,,
20.04,56.21,20.0991102,55.96016308,,,,0.791000296,1.753203304,,,
19.06,57.18,18.77215202,57.39906711,,,,0.008211627,0.12537678,,,
19.06,57.18,19.56097826,57.01529266,,,,0.008211627,0.12537678,,,
20.53,57.18,19.87216048,57.26824013,,,,1.902694631,0.12537678,,,
17.11,59.14,17.83656692,59.14569397,,,,4.164121927,2.578960299,,,
18.57,58.16,17.87730624,58.05366231,,,,0.337117292,0.39176854,,,
17.6,57.67,18.1635304,57.86677627,,,,2.404416262,0.01847266,,,
19.06,58.16,18.69317954,57.90207787,,,,0.008211627,0.39176854,,,
18.08,57.18,18.22404766,57.455244,,,,1.146222957,0.12537678,,,
18.57,59.14,18.62989467,58.89473154,,,,0.337117292,2.578960299,,,
20.53,57.67,20.32196853,57.84868167,,,,1.902694631,0.01847266,,,
18.08,57.67,18.36030088,57.57185097,,,,1.146222957,0.01847266,,,
18.57,58.16,18.29286444,58.19126608,,,,0.337117292,0.39176854,,,
19.06,57.18,19.27644978,57.17867032,,,,0.008211627,0.12537678,,,
18.57,58.16,18.44432121,58.1796609,,,,0.337117292,0.39176854,,,
19.06,57.67,19.09241419,57.58752652,,,,0.008211627,0.01847266,,,
19.55,56.7,19.59297159,56.87319294,,,,0.159505961,0.695699183,,,
20.04,58.65,19.94908725,58.38126827,,,,0.791000296,1.245264419,,,
19.06,57.67,19.17234431,58.01674542,,,,0.008211627,0.01847266,,,
18.08,57.67,17.9645049,57.27886491,,,,1.146222957,0.01847266,,,
18.57,57.18,18.68136939,57.57464239,,,,0.337117292,0.12537678,,,
19.55,58.16,19.44036291,57.80107319,,,,0.159505961,0.39176854,,,
19.55,57.18,19.66610918,57.47301152,,,,0.159505961,0.12537678,,,
19.55,57.67,19.41795338,57.45928691,,,,0.159505961,0.01847266,,,
19.06,57.67,19.21490318,57.79747328,,,,0.008211627,0.01847266,,,
19.55,57.67,19.37010191,57.61284122,,,,0.159505961,0.01847266,,,
19.06,57.67,19.2617767,57.67951415,,,,0.008211627,0.01847266,,,
19.55,58.16,19.33381962,58.17125933,,,,0.159505961,0.39176854,,,
19.06,58.65,19.28029479,58.64328889,,,,0.008211627,1.245264419,,,
19.55,58.65,19.33719621,58.63327749,,,,0.159505961,1.245264419,,,
19.55,58.65,19.74349133,58.6994735,,,,0.159505961,1.245264419,,,
19.55,58.65,19.38700824,58.56877536,,,,0.159505961,1.245264419,,,
19.06,58.16,19.18306877,58.26341118,,,,0.008211627,0.39176854,,,
19.55,58.65,19.47262901,58.53891966,,,,0.159505961,1.245264419,,,
19.55,57.67,19.5821111,57.7733255,,,,0.159505961,0.01847266,,,
20.04,57.67,20.04408748,57.58808559,,,,0.791000296,0.01847266,,,
19.55,58.16,19.52829206,58.20856187,,,,0.159505961,0.39176854,,,
19.55,58.16,19.56319423,58.15781054,,,,0.159505961,0.39176854,,,
20.53,59.14,20.55367105,59.07788187,,,,1.902694631,2.578960299,,,
19.55,57.67,19.46660785,57.82124639,,,,0.159505961,0.01847266,,,
19.06,57.18,19.21292501,56.910639,,,,0.008211627,0.12537678,,,
20.04,58.16,19.8251433,58.57223227,,,,0.791000296,0.39176854,,,
19.06,57.67,19.31253906,57.10627096,,,,0.008211627,0.01847266,,,
19.06,56.7,18.80476766,57.39729021,,,,0.008211627,0.695699183,,,
18.08,59.14,18.30153469,58.35718283,,,,1.146222957,2.578960299,,,
19.06,55.23,18.899841,56.02634997,,,,0.008211627,5.308811544,,,
19.06,58.16,19.14786823,57.43180097,,,,0.008211627,0.39176854,,,
19.06,59.14,19.03493241,59.72617662,,,,0.008211627,2.578960299,,,
19.06,58.65,19.050245,58.25652866,,,,0.008211627,1.245264419,,,
18.57,56.21,18.57510172,56.39312262,,,,0.337117292,1.753203304,,,
20.04,57.18,20.08052895,57.18875577,,,,0.791000296,0.12537678,,,
21.02,58.16,20.90137372,58.0100546,,,,3.494588966,0.39176854,,,
19.06,56.21,19.27337157,56.42856964,,,,0.008211627,1.753203304,,,
19.06,56.21,18.75433826,56.0022215,,,,0.008211627,1.753203304,,,
19.06,57.67,19.4369373,57.79750695,,,,0.008211627,0.01847266,,,
19.55,58.65,19.13777595,58.64692408,,,,0.159505961,1.245264419,,,
18.57,57.18,18.97256211,57.05093886,,,,0.337117292,0.12537678,,,
20.04,57.67,19.69321702,57.89838223,,,,0.791000296,0.01847266,,,
18.57,58.16,18.82196591,57.90011966,,,,0.337117292,0.39176854,,,
18.57,54.74,18.43809909,54.94424692,,,,0.337117292,7.806915664,,,
19.55,56.7,19.55378627,56.63507025,,,,0.159505961,0.695699183,,,
19.06,57.67,19.17554381,57.5384926,,,,0.008211627,0.01847266,,,
19.06,56.7,18.84762773,57.04257582,,,,0.008211627,0.695699183,,,
19.06,58.65,19.33725063,58.12804161,,,,0.008211627,1.245264419,,,
19.06,56.7,18.75490056,57.33200703,,,,0.008211627,0.695699183,,,
18.08,57.67,18.37515436,57.01731004,,,,1.146222957,0.01847266,,,
19.55,56.21,19.29890656,56.79501061,,,,0.159505961,1.753203304,,,
19.55,57.67,19.73097332,57.2210527,,,,0.159505961,0.01847266,,,
19.55,58.16,19.45348281,58.43730291,,,,0.159505961,0.39176854,,,
19.55,58.65,19.56178935,58.54255831,,,,0.159505961,1.245264419,,,
19.55,57.67,19.60833461,57.64285924,,,,0.159505961,0.01847266,,,
19.55,57.18,19.45036994,57.28389982,,,,0.159505961,0.12537678,,,
19.55,58.65,19.65000322,58.53417737,,,,0.159505961,1.245264419,,,
19.55,58.16,19.49878729,58.23245306,,,,0.159505961,0.39176854,,,
19.55,58.16,19.50085061,58.163288,,,,0.159505961,0.39176854,,,
19.55,58.16,19.74580841,58.07802898,,,,0.159505961,0.39176854,,,
19.55,56.7,19.1751579,56.83628082,,,,0.159505961,0.695699183,,,
18.57,57.67,19.13439458,57.52129486,,,,0.337117292,0.01847266,,,
20.04,58.16,19.30254234,58.27597444,,,,0.791000296,0.39176854,,,
19.06,58.65,19.92642142,58.60078603,,,,0.008211627,1.245264419,,,
21.51,58.16,20.58153399,58.13017,,,,5.5666833,0.39176854,,,
18.57,57.67,19.48049992,57.76525441,,,,0.337117292,0.01847266,,,
19.06,57.67,18.24762601,57.54549247,,,,0.008211627,0.01847266,,,
17.6,56.7,18.24760058,56.80499707,,,,2.404416262,0.695699183,,,
19.55,58.65,19.10854009,58.61223919,,,,0.159505961,1.245264419,,,
18.08,59.14,18.30668823,59.07673087,,,,1.146222957,2.578960299,,,
18.08,58.16,18.0428617,58.33638303,,,,1.146222957,0.39176854,,,
19.55,58.65,19.45049835,58.37033857,,,,0.159505961,1.245264419,,,
19.06,56.7,19.22791255,57.05788806,,,,0.008211627,0.695699183,,,
19.55,58.65,19.38186184,58.24402389,,,,0.159505961,1.245264419,,,
19.06,58.16,19.17433812,58.58764394,,,,0.008211627,0.39176854,,,
19.06,57.18,19.03011718,56.74967134,,,,0.008211627,0.12537678,,,
20.04,57.18,19.98059983,57.59926276,,,,0.791000296,0.12537678,,,
19.06,57.67,19.1915677,57.27601134,,,,0.008211627,0.01847266,,,
19.06,56.21,18.88732456,56.55894882,,,,0.008211627,1.753203304,,,
19.55,58.16,19.72807911,57.88265856,,,,0.159505961,0.39176854,,,
19.55,58.16,19.39834281,58.33591754,,,,0.159505961,0.39176854,,,
19.06,58.16,19.16416797,58.11141538,,,,0.008211627,0.39176854,,,
19.55,58.65,19.49862161,58.55788608,,,,0.159505961,1.245264419,,,
19.06,58.65,19.07171994,58.87564693,,,,0.008211627,1.245264419,,,
19.55,58.16,19.54708794,57.83379589,,,,0.159505961,0.39176854,,,
19.55,57.67,19.58749916,58.03763317,,,,0.159505961,0.01847266,,,
18.57,57.67,18.45176975,57.33957042,,,,0.337117292,0.01847266,,,
18.57,56.21,18.80502739,56.4194226,,,,0.337117292,1.753203304,,,
19.06,58.65,18.69470196,58.63060521,,,,0.008211627,1.245264419,,,
19.06,57.18,19.53836593,56.97537351,,,,0.008211627,0.12537678,,,
20.53,55.72,19.98671892,56.13425725,,,,1.902694631,3.290907424,,,
18.57,58.65,19.10784574,58.08949618,,,,0.337117292,1.245264419,,,
20.53,56.7,20.07416435,57.30792775,,,,1.902694631,0.695699183,,,
18.57,58.16,18.87957292,57.61511136,,,,0.337117292,0.39176854,,,
19.06,56.21,18.93349669,56.59628662,,,,0.008211627,1.753203304,,,
20.53,56.7,20.47087276,56.53176672,,,,1.902694631,0.695699183,,,
18.08,57.67,18.29615457,57.60682384,,,,1.146222957,0.01847266,,,
18.08,56.21,17.7560334,56.47502731,,,,1.146222957,1.753203304,,,
18.57,57.67,18.94518343,57.26169951,,,,0.337117292,0.01847266,,,
19.55,57.18,19.17617353,57.66292781,,,,0.159505961,0.12537678,,,
18.57,59.14,18.90097887,58.64373209,,,,0.337117292,2.578960299,,,
19.06,58.65,18.7999933,59.1163881,,,,0.008211627,1.245264419,,,
19.55,57.67,19.72277342,57.25685471,,,,0.159505961,0.01847266,,,
19.06,57.67,18.98220289,58.02064408,,,,0.008211627,0.01847266,,,
18.08,58.16,18.06072701,57.87610784,,,,1.146222957,0.39176854,,,
18.57,56.7,18.68349633,56.91037008,,,,0.337117292,0.695699183,,,
19.06,58.16,18.86164592,58.03517006,,,,0.008211627,0.39176854,,,
19.06,58.16,19.32492307,58.18443721,,,,0.008211627,0.39176854,,,
19.06,57.67,18.75675168,57.75806238,,,,0.008211627,0.01847266,,,
18.08,57.67,18.38553194,57.4660483,,,,1.146222957,0.01847266,,,
20.04,57.67,19.77021952,57.98049862,,,,0.791000296,0.01847266,,,
19.06,58.65,19.26203109,58.25568772,,,,0.008211627,1.245264419,,,
19.06,56.7,18.9442898,57.14491867,,,,0.008211627,0.695699183,,,
19.55,58.16,19.57812088,57.70276431,,,,0.159505961,0.39176854,,,
19.06,58.16,19.10440341,58.59202553,,,,0.008211627,0.39176854,,,
19.55,58.16,19.45941164,57.7855143,,,,0.159505961,0.39176854,,,
19.55,57.18,19.65612048,57.47210397,,,,0.159505961,0.12537678,,,
19.55,58.65,19.45683812,58.45711396,,,,0.159505961,1.245264419,,,
19.55,58.65,19.60829854,58.73436368,,,,0.159505961,1.245264419,,,
19.06,56.7,19.04987429,56.72658579,,,,0.008211627,0.695699183,,,
19.06,56.7,19.01742184,56.56700518,,,,0.008211627,0.695699183,,,
19.55,58.65,19.64178435,58.87639171,,,,0.159505961,1.245264419,,,
19.55,58.65,19.41939285,58.35402055,,,,0.159505961,1.245264419,,,
19.06,57.18,19.21374271,57.50998804,,,,0.008211627,0.12537678,,,
19.55,58.16,19.39180808,57.84049508,,,,0.159505961,0.39176854,,,
19.06,57.67,19.20396073,57.93327609,,,,0.008211627,0.01847266,,,
19.55,58.65,19.43578313,58.47881335,,,,0.159505961,1.245264419,,,
19.55,57.67,19.62464034,57.73456587,,,,0.159505961,0.01847266,,,
19.06,58.16,19.02781923,58.18754989,,,,0.008211627,0.39176854,,,
18.57,58.16,18.56375253,58.08418834,,,,0.337117292,0.39176854,,,
18.57,56.7,18.60466382,56.75975719,,,,0.337117292,0.695699183,,,
19.55,57.67,19.50163615,57.69423387,,,,0.159505961,0.01847266,,,
20.04,57.18,20.0838651,57.02062154,,,,0.791000296,0.12537678,,,
19.06,56.7,19.04112741,57.01109566,,,,0.008211627,0.695699183,,,
19.06,58.65,19.03281538,58.2147286,,,,0.008211627,1.245264419,,,
19.55,57.67,19.64185984,58.15970161,,,,0.159505961,0.01847266,,,
19.06,57.67,18.89165566,57.22449219,,,,0.008211627,0.01847266,,,
19.06,56.21,19.30540962,56.50573788,,,,0.008211627,1.753203304,,,
19.55,58.16,19.2404318,58.10095472,,,,0.159505961,0.39176854,,,
18.57,56.7,18.91909152,56.47691732,,,,0.337117292,0.695699183,,,
20.53,55.23,20.17181617,55.72585078,,,,1.902694631,5.308811544,,,
19.06,58.65,19.39906657,57.9446406,,,,0.008211627,1.245264419,,,
20.04,56.7,19.73956865,57.51302984,,,,0.791000296,0.695699183,,,
20.04,59.14,20.29253022,58.33467502,,,,0.791000296,2.578960299,,,
18.57,57.67,18.36875209,58.36577157,,,,0.337117292,0.01847266,,,
19.55,58.65,19.69459152,58.13072355,,,,0.159505961,1.245264419,,,
19.06,58.16,18.98583069,58.48115883,,,,0.008211627,0.39176854,,,
16.62,57.67,16.60148566,57.52549214,,,,6.404027592,0.01847266,,,
18.57,57.67,18.70426373,57.68944684,,,,0.337117292,0.01847266,,,
18.57,57.67,18.30846014,57.7130746,,,,0.337117292,0.01847266,,,
17.11,58.16,17.4879237,58.10823287,,,,4.164121927,0.39176854,,,
19.06,56.7,18.60285148,56.72995169,,,,0.008211627,0.695699183,,,
18.08,56.7,18.55833426,56.69363135,,,,1.146222957,0.695699183,,,
19.55,59.63,19.11650071,59.63455036,,,,0.159505961,4.392856179,,,
18.08,58.16,18.41069671,58.12545431,,,,1.146222957,0.39176854,,,
19.06,57.18,18.86801574,57.27035488,,,,0.008211627,0.12537678,,,
20.53,58.65,20.57719489,58.49614448,,,,1.902694631,1.245264419,,,
20.04,57.67,20.1141704,57.87283022,,,,0.791000296,0.01847266,,,
19.55,57.67,19.39980436,57.45072408,,,,0.159505961,0.01847266,,,
18.57,56.7,18.74102536,56.89500401,,,,0.337117292,0.695699183,,,
18.57,58.16,18.43002639,58.02672376,,,,0.337117292,0.39176854,,,
18.08,59.14,18.15161098,59.18670149,,,,1.146222957,2.578960299,,,
18.57,58.16,18.58242397,58.20726943,,,,0.337117292,0.39176854,,,
19.55,58.16,19.46112631,58.02874435,,,,0.159505961,0.39176854,,,
19.06,58.16,19.19826945,58.35155288,,,,0.008211627,0.39176854,,,
19.55,58.65,19.40104895,58.43016909,,,,0.159505961,1.245264419,,,
19.55,58.16,19.66883076,58.37332135,,,,0.159505961,0.39176854,,,
19.55,58.16,19.49513028,57.98579535,,,,0.159505961,0.39176854,,,
19.55,58.16,19.52088903,58.26874433,,,,0.159505961,0.39176854,,,
19.55,58.65,19.66552232,58.6236049,,,,0.159505961,1.245264419,,,
19.55,57.67,19.363555,57.6087186,,,,0.159505961,0.01847266,,,
19.06,56.7,19.28700997,56.84227917,,,,0.008211627,0.695699183,,,
20.04,56.7,19.81178937,56.49352181,,,,0.791000296,0.695699183,,,
18.57,55.72,18.75844112,55.96806336,,,,0.337117292,3.290907424,,,
18.08,57.18,17.96675718,56.91298496,,,,1.146222957,0.12537678,,,
19.06,57.67,19.07351618,57.9388594,,,,0.008211627,0.01847266,,,
19.06,58.16,19.1567397,57.89740388,,,,0.008211627,0.39176854,,,
19.06,56.7,18.85785093,56.95745406,,,,0.008211627,0.695699183,,,
19.55,57.18,19.83708293,56.92055002,,,,0.159505961,0.12537678,,,
20.04,58.16,19.70304569,58.42882558,,,,0.791000296,0.39176854,,,
18.57,57.67,18.91028777,57.39043723,,,,0.337117292,0.01847266,,,
19.55,56.7,19.25876133,56.98180392,,,,0.159505961,0.695699183,,,
19.55,58.65,19.74154425,58.38340995,,,,0.159505961,1.245264419,,,
20.04,57.18,19.98899211,57.41062957,,,,0.791000296,0.12537678,,,
19.55,57.67,19.43620601,57.49163416,,,,0.159505961,0.01847266,,,
19.06,57.18,19.34238829,57.29999751,,,,0.008211627,0.12537678,,,
20.04,56.7,19.60573297,56.63362822,,,,0.791000296,0.695699183,,,
18.08,58.16,18.63270348,58.18342306,,,,1.146222957,0.39176854,,,
19.06,57.18,18.4326706,57.19078914,,,,0.008211627,0.12537678,,,
18.08,56.7,18.73476896,56.65539769,,,,1.146222957,0.695699183,,,
19.55,57.67,18.91244612,57.75733095,,,,0.159505961,0.01847266,,,
19.06,57.67,19.64225876,57.52740949,,,,0.008211627,0.01847266,,,
19.55,58.16,19.05212981,58.36378089,,,,0.159505961,0.39176854,,,
17.6,57.67,17.99487519,57.41582723,,,,2.404416262,0.01847266,,,
19.06,57.18,18.77525075,57.45208475,,,,0.008211627,0.12537678,,,
19.06,59.14,19.23905697,58.90053792,,,,0.008211627,2.578960299,,,
19.06,57.67,18.97222725,57.82043904,,,,0.008211627,0.01847266,,,
19.55,58.65,19.56735317,58.6339567,,,,0.159505961,1.245264419,,,
19.55,58.16,19.58041089,58.02259393,,,,0.159505961,0.39176854,,,
19.55,56.7,19.49187475,56.97598278,,,,0.159505961,0.695699183,,,
20.04,58.65,20.11131591,58.28095361,,,,0.791000296,1.245264419,,,
20.04,57.18,19.96345804,57.57911985,,,,0.791000296,0.12537678,,,
19.06,58.16,19.1398428,57.79289683,,,,0.008211627,0.39176854,,,
19.06,57.67,18.97421675,57.96126753,,,,0.008211627,0.01847266,,,
19.55,57.67,19.64702113,57.46913596,,,,0.159505961,0.01847266,,,
19.55,56.7,19.43563503,56.82677107,,,,0.159505961,0.695699183,,,
18.57,56.21,18.70730564,56.11786535,,,,0.337117292,1.753203304,,,
19.55,58.16,19.38532253,58.26579593,,,,0.159505961,0.39176854,,,
19.55,58.16,19.74486167,57.99939806,,,,0.159505961,0.39176854,,,
19.55,56.21,19.32465837,56.44712673,,,,0.159505961,1.753203304,,,
19.55,57.18,19.80218878,56.86891315,,,,0.159505961,0.12537678,,,
19.55,55.72,19.27963439,56.08116624,,,,0.159505961,3.290907424,,,
18.08,57.18,18.35517668,56.80575091,,,,1.146222957,0.12537678,,,
19.55,58.16,19.2857867,58.50685751,,,,0.159505961,0.39176854,,,
19.55,58.65,19.78859979,58.3664408,,,,0.159505961,1.245264419,,,
19.55,57.67,19.34721717,57.86407195,,,,0.159505961,0.01847266,,,
19.06,58.16,19.22307966,58.06953652,,,,0.008211627,0.39176854,,,
19.55,58.65,19.42421292,58.63499788,,,,0.159505961,1.245264419,,,
19.55,58.16,19.64555275,58.27127696,,,,0.159505961,0.39176854,,,
19.55,58.16,19.47560043,57.9708009,,,,0.159505961,0.39176854,,,
19.55,58.16,19.61162188,58.40167909,,,,0.159505961,0.39176854,,,
19.55,57.67,19.49539539,57.40595173,,,,0.159505961,0.01847266,,,
19.06,56.7,19.1102885,56.95512309,,,,0.008211627,0.695699183,,,
19.55,58.65,19.50334535,58.43127044,,,,0.159505961,1.245264419,,,
19.55,58.65,19.5935218,58.81453623,,,,0.159505961,1.245264419,,,
19.55,58.65,19.50771311,58.5430042,,,,0.159505961,1.245264419,,,
19.55,57.67,19.59479966,57.73210107,,,,0.159505961,0.01847266,,,
19.55,57.67,19.49803309,57.62727138,,,,0.159505961,0.01847266,,,
19.55,58.65,19.61273659,58.70402044,,,,0.159505961,1.245264419,,,
19.55,58.16,19.47609496,58.06944816,,,,0.159505961,0.39176854,,,
19.55,58.16,19.63087204,58.2967829,,,,0.159505961,0.39176854,,,
20.04,58.65,19.96089144,58.47880875,,,,0.791000296,1.245264419,,,
19.55,57.67,19.61577979,57.8429022,,,,0.159505961,0.01847266,,,
19.55,58.65,19.50914353,58.52153074,,,,0.159505961,1.245264419,,,
19.55,58.16,19.55728166,58.19634862,,,,0.159505961,0.39176854,,,
19.55,58.16,19.57979466,58.25246072,,,,0.159505961,0.39176854,,,
19.55,58.16,19.4856526,57.92232561,,,,0.159505961,0.39176854,,,
19.06,56.7,19.15088186,57.07555393,,,,0.008211627,0.695699183,,,
19.55,58.65,19.44455209,58.16486566,,,,0.159505961,1.245264419,,,
19.55,57.67,19.65596289,58.22265998,,,,0.159505961,0.01847266,,,
19.55,58.65,19.45811454,58.07699519,,,,0.159505961,1.245264419,,,
19.55,58.16,19.61365275,58.70837416,,,,0.159505961,0.39176854,,,
19.55,58.65,19.52760324,58.16425923,,,,0.159505961,1.245264419,,,
19.55,57.67,19.52019642,58.06458472,,,,0.159505961,0.01847266,,,
19.55,58.65,19.63930496,58.36430046,,,,0.159505961,1.245264419,,,
19.55,57.67,19.39957905,57.84079597,,,,0.159505961,0.01847266,,,
19.55,57.67,19.75566797,57.60790099,,,,0.159505961,0.01847266,,,
19.55,57.67,19.30292555,57.64132823,,,,0.159505961,0.01847266,,,
18.08,57.67,18.34831647,57.7619784,,,,1.146222957,0.01847266,,,
19.55,57.67,19.28322692,57.54761429,,,,0.159505961,0.01847266,,,
19.55,57.18,19.7943795,57.30011287,,,,0.159505961,0.12537678,,,
19.55,58.65,19.34320917,58.55849627,,,,0.159505961,1.245264419,,,
19.55,58.65,19.71142251,58.69780951,,,,0.159505961,1.245264419,,,
20.04,57.67,19.92454816,57.66769783,,,,0.791000296,0.01847266,,,
19.55,58.16,19.6244997,58.12671443,,,,0.159505961,0.39176854,,,
19.55,58.16,19.5079652,58.21151944,,,,0.159505961,0.39176854,,,
19.55,57.67,19.56922108,57.61968209,,,,0.159505961,0.01847266,,,
19.55,57.67,19.54497415,57.70245976,,,,0.159505961,0.01847266,,,
19.55,58.16,19.54657682,58.15571531,,,,0.159505961,0.39176854,,,
