Time, FSR1, FSR2, FSR3, FSR4, FSR5, FSR6, Unit
09:47:25.275 91.79,0.00,0.00,0.00,0.00,0.00,N 
09:47:25.389 120.94,0.00,0.00,0.00,0.00,0.00,N 
09:47:25.503 46.50,0.00,0.00,0.00,0.00,0.00,N 
09:47:25.619 14.85,0.00,0.00,0.00,0.00,0.00,N 
09:47:25.733 1.88,0.00,0.00,0.00,0.00,0.00,N 
09:47:25.847 0.00,0.00,0.00,0.00,0.00,0.00,N 
09:47:25.961 0.00,0.00,0.00,0.00,0.00,0.00,N 
09:47:26.075 0.00,0.00,0.00,0.00,0.00,0.00,N 
09:47:26.189 0.00,0.00,0.00,0.00,0.00,0.00,N 
09:47:26.304 0.00,0.00,0.00,0.00,0.00,0.00,N 
09:47:26.418 0.00,0.00,0.00,0.00,0.00,0.00,N 
09:47:26.532 0.00,0.00,0.00,0.00,0.00,0.00,N 
09:47:26.646 0.00,0.00,0.00,0.00,0.00,0.00,N 
09:47:26.760 0.00,0.00,0.00,0.00,0.00,0.00,N 
09:47:26.874 0.00,0.00,0.00,0.00,0.00,0.00,N 
09:47:26.988 0.00,0.00,0.00,0.00,0.00,0.00,N 
09:47:27.102 0.00,0.00,0.00,0.00,0.00,0.00,N 
09:47:27.217 0.00,0.00,0.00,0.00,0.00,0.00,N 
09:47:27.331 0.00,0.00,0.00,0.00,0.00,0.00,N 
09:47:27.445 0.00,0.00,0.00,0.00,0.00,0.00,N 
09:47:27.559 0.00,0.00,0.00,0.00,0.00,0.00,N 
09:47:27.673 0.00,0.00,0.00,0.00,0.00,0.00,N 
09:47:27.786 0.00,0.00,0.00,0.00,0.00,0.00,N 
09:47:27.903 0.00,0.00,0.00,0.00,0.00,0.00,N 
09:47:28.017 0.00,0.00,0.00,0.00,0.00,0.00,N 
09:47:28.131 0.00,0.00,0.00,0.00,0.00,0.00,N 
09:47:28.245 0.00,0.00,0.00,0.00,0.00,0.00,N 
09:47:28.359 0.00,0.00,0.00,0.00,0.00,0.00,N 
09:47:28.473 0.00,0.00,0.00,0.00,0.00,0.00,N 
09:47:28.587 0.00,0.00,0.00,0.00,0.00,0.00,N 
09:47:28.701 0.00,0.00,0.00,0.00,0.00,0.00,N 
09:47:28.815 0.00,0.00,0.00,0.00,0.00,0.00,N 
09:47:28.929 0.00,0.00,0.00,0.00,0.00,0.00,N 
09:47:29.043 0.00,0.00,0.00,0.00,0.00,0.00,N 
09:47:29.157 0.00,0.00,0.00,0.00,0.00,0.00,N 
09:47:29.271 0.00,0.00,0.00,0.00,0.00,0.00,N 
09:47:29.385 0.00,0.00,0.00,0.00,0.00,0.00,N 
09:47:29.499 0.00,0.00,0.00,0.00,0.00,0.00,N 
09:47:29.613 0.00,0.00,0.00,0.00,0.00,0.00,N 
09:47:29.726 0.00,0.00,0.00,0.00,0.00,0.00,N 
09:47:29.840 0.00,0.00,0.00,0.00,0.00,0.00,N 
09:47:29.954 0.00,0.00,0.00,0.00,0.00,0.00,N 
09:47:30.067 0.00,0.00,0.00,0.00,0.00,0.00,N 
09:47:30.182 0.00,0.00,0.00,0.00,0.00,0.00,N 
09:47:30.296 0.00,0.00,0.00,0.00,0.00,0.00,N 
09:47:30.411 0.00,0.00,0.00,0.00,0.00,0.00,N 
09:47:30.525 0.00,0.00,0.00,0.00,0.00,0.00,N 
09:47:30.639 0.00,0.00,0.00,0.00,0.00,0.00,N 
09:47:30.753 0.00,0.00,0.00,0.00,0.00,0.00,N 
09:47:30.867 0.00,0.00,0.00,0.00,0.00,0.00,N 
09:47:30.983 2.01,0.00,0.00,0.00,0.00,0.00,N 
09:47:31.098 0.00,0.00,0.00,0.00,0.00,0.00,N 
09:47:31.211 0.00,0.00,0.00,0.00,0.00,0.00,N 
09:47:31.325 0.00,0.00,0.00,0.00,0.00,0.00,N 
09:47:31.439 6.86,0.00,0.00,0.00,0.00,0.00,N 
09:47:31.553 3.37,0.00,0.00,0.00,0.00,0.00,N 
09:47:31.667 0.00,0.00,0.00,0.00,0.00,0.00,N 
09:47:31.782 6.42,0.00,0.00,0.00,0.00,0.00,N 
09:47:31.895 10.17,0.00,0.00,0.00,0.00,0.00,N 
09:47:32.008 12.44,0.00,0.00,0.00,0.00,0.00,N 
09:47:32.122 12.72,0.00,0.00,0.00,0.00,0.00,N 
09:47:32.237 14.30,0.00,0.00,0.00,0.00,0.00,N 
09:47:32.354 16.42,0.00,0.00,0.00,0.00,0.00,N 
09:47:32.467 14.76,0.00,0.00,0.00,0.00,0.00,N 
09:47:32.585 17.09,0.00,0.00,0.00,0.00,0.00,N 
09:47:32.698 20.55,0.00,0.00,0.00,0.00,0.00,N 
09:47:32.817 22.69,0.00,0.00,0.00,0.00,0.00,N 
09:47:32.931 25.58,0.00,0.00,0.00,0.00,0.00,N 
09:47:33.051 28.92,0.00,0.00,0.00,0.00,0.00,N 
09:47:33.164 31.49,0.00,0.00,0.00,0.00,0.00,N 
09:47:33.278 33.28,0.00,0.00,0.00,0.00,0.00,N 
09:47:33.392 34.68,0.00,0.00,0.00,0.00,0.00,N 
09:47:33.506 35.93,0.00,0.00,0.00,0.00,0.00,N 
09:47:33.620 36.59,0.00,0.00,0.00,0.00,0.00,N 
09:47:33.734 37.36,0.00,0.00,0.00,0.00,0.00,N 
09:47:33.848 39.26,0.00,0.00,0.00,0.00,0.00,N 
09:47:33.966 42.67,0.00,0.00,0.00,0.00,0.00,N 
09:47:34.080 45.90,0.00,0.00,0.00,0.00,0.00,N 
09:47:34.194 49.62,0.00,0.00,0.00,0.00,0.00,N 
09:47:34.308 53.00,0.00,0.00,0.00,0.00,0.00,N 
09:47:34.426 55.47,0.00,0.00,0.00,0.00,0.00,N 
09:47:34.539 57.94,0.00,0.00,0.00,0.00,0.00,N 
09:47:34.653 59.66,0.00,0.00,0.00,0.00,0.00,N 
09:47:34.767 60.37,0.00,0.00,0.00,0.00,0.00,N 
09:47:34.881 60.65,0.00,0.00,0.00,0.00,0.00,N 
09:47:34.995 60.73,0.00,0.00,0.00,0.00,0.00,N 
09:47:35.109 61.69,0.00,0.00,0.00,0.00,0.00,N 
09:47:35.223 61.69,0.00,0.00,0.00,0.00,0.00,N 
09:47:35.337 62.22,0.00,0.00,0.00,0.00,0.00,N 
09:47:35.451 62.69,0.00,0.00,0.00,0.00,0.00,N 
09:47:35.565 62.61,0.00,0.00,0.00,0.00,0.00,N 
09:47:35.679 63.01,0.00,0.00,0.00,0.00,0.00,N 
09:47:35.793 63.66,0.00,0.00,0.00,0.00,0.00,N 
09:47:35.908 63.66,0.00,0.00,0.00,0.00,0.00,N 
09:47:36.022 61.76,0.00,0.00,0.00,0.00,0.00,N 
09:47:36.136 61.69,0.00,0.00,0.00,0.00,0.00,N 
09:47:36.250 60.22,0.00,0.00,0.00,0.00,0.00,N 
09:47:36.364 61.17,0.00,0.00,0.00,0.00,0.00,N 
09:47:36.479 62.77,0.00,0.00,0.00,0.00,0.00,N 
09:47:36.592 65.10,0.00,0.00,0.00,0.00,0.00,N 
09:47:36.706 60.15,0.00,0.00,0.00,0.00,0.00,N 
09:47:36.821 49.66,0.00,0.00,0.00,0.00,0.00,N 
09:47:36.934 35.88,0.00,0.00,0.00,0.00,0.00,N 
09:47:37.049 25.76,0.00,0.00,0.00,0.00,0.00,N 
09:47:37.163 15.05,0.00,0.00,0.00,0.00,0.00,N 
09:47:37.279 5.25,0.00,0.00,0.00,0.00,0.00,N 
09:47:37.392 0.00,0.00,0.00,0.00,0.00,0.00,N 
09:47:37.506 0.00,0.00,0.00,0.00,0.00,0.00,N 
09:47:37.622 0.00,0.00,0.00,0.00,0.00,0.00,N 
09:47:37.735 0.00,0.00,0.00,0.00,0.00,0.00,N 
09:47:37.849 0.00,0.00,0.00,0.00,0.00,0.00,N 
09:47:37.963 0.00,0.00,0.00,0.00,0.00,0.00,N 
09:47:38.076 0.00,0.00,0.00,0.00,0.00,0.00,N 
09:47:38.190 0.00,0.00,0.00,0.00,0.00,0.00,N 
09:47:38.304 0.00,0.00,0.00,0.00,0.00,0.00,N 
09:47:38.350 Disconnected
09:48:08.905 Connected to CDC device
09:48:08.994 0.00,0.00,0.00,0.00,0.00,0.00,N 
09:48:09.108 0.00,0.00,0.00,0.00,0.00,0.00,N 
09:48:09.222 0.00,0.00,0.00,0.00,0.00,0.00,N 
09:48:09.336 0.00,0.00,0.00,0.00,0.00,0.00,N 
09:48:09.450 2.94,0.00,0.00,0.00,0.00,0.00,N 
09:48:09.564 5.76,0.00,0.00,0.00,0.00,0.00,N 
09:48:09.678 9.57,0.00,0.00,0.00,0.00,0.00,N 
09:48:09.792 12.53,0.00,0.00,0.00,0.00,0.00,N 
09:48:09.907 13.59,0.00,0.00,0.00,0.00,0.00,N 
09:48:10.023 14.10,0.00,0.00,0.00,0.00,0.00,N 
09:48:10.137 14.59,0.00,0.00,0.00,0.00,0.00,N 
09:48:10.251 15.70,0.00,0.00,0.00,0.00,0.00,N 
09:48:10.365 15.61,0.00,0.00,0.00,0.00,0.00,N 
09:48:10.478 16.91,0.00,0.00,0.00,0.00,0.00,N 
09:48:10.592 18.81,0.00,0.00,0.00,0.00,0.00,N 
09:48:10.706 20.85,0.00,0.00,0.00,0.00,0.00,N 
09:48:10.821 22.18,0.00,0.00,0.00,0.00,0.00,N 
09:48:10.936 23.36,0.00,0.00,0.00,0.00,0.00,N 
09:48:11.050 24.98,0.00,0.00,0.00,0.00,0.00,N 
09:48:11.164 27.05,0.00,0.00,0.00,0.00,0.00,N 
09:48:11.278 28.82,0.00,0.00,0.00,0.00,0.00,N 
09:48:11.392 31.05,0.00,0.00,0.00,0.00,0.00,N 
09:48:11.506 34.82,0.00,0.00,0.00,0.00,0.00,N 
09:48:11.620 38.19,0.00,0.00,0.00,0.00,0.00,N 
09:48:11.734 44.56,0.00,0.00,0.00,0.00,0.00,N 
09:48:11.847 48.15,0.00,0.00,0.00,0.00,0.00,N 
09:48:11.966 50.45,0.00,0.00,0.00,0.00,0.00,N 
09:48:12.080 52.75,0.00,0.00,0.00,0.00,0.00,N 
09:48:12.198 52.80,0.00,0.00,0.00,0.00,0.00,N 
09:48:12.312 55.58,0.00,0.00,0.00,0.00,0.00,N 
09:48:12.426 59.25,0.00,0.00,0.00,0.00,0.00,N 
09:48:12.543 62.93,0.00,0.00,0.00,0.00,0.00,N 
09:48:12.656 67.58,0.00,0.00,0.00,0.00,0.00,N 
09:48:12.770 70.99,0.00,0.00,0.00,0.00,0.00,N 
09:48:12.884 70.66,0.00,0.00,0.00,0.00,0.00,N 
09:48:12.999 71.21,0.00,0.00,0.00,0.00,0.00,N 
09:48:13.112 73.42,0.00,0.00,0.00,0.00,0.00,N 
09:48:13.231 72.94,0.00,0.00,0.00,0.00,0.00,N 
09:48:13.344 73.30,0.00,0.00,0.00,0.00,0.00,N 
09:48:13.460 72.82,0.00,0.00,0.00,0.00,0.00,N 
09:48:13.574 73.30,0.00,0.00,0.00,0.00,0.00,N 
09:48:13.689 75.43,0.00,0.00,0.00,0.00,0.00,N 
09:48:13.803 77.32,0.00,0.00,0.00,0.00,0.00,N 
09:48:13.916 78.75,0.00,0.00,0.00,0.00,0.00,N 
09:48:14.030 80.73,0.00,0.00,0.00,0.00,0.00,N 
09:48:14.147 81.20,0.00,0.00,0.00,0.00,0.00,N 
09:48:14.261 79.95,0.00,0.00,0.00,0.00,0.00,N 
09:48:14.375 84.05,0.00,0.00,0.00,0.00,0.00,N 
09:48:14.489 93.16,0.00,0.00,0.00,0.00,0.00,N 
09:48:14.603 128.90,0.00,0.00,0.00,0.00,0.00,N 
09:48:14.717 163.79,0.00,0.00,0.00,0.00,0.00,N 
09:48:14.830 99.57,0.00,0.00,0.00,0.00,0.00,N 
09:48:14.945 58.72,0.00,0.00,0.00,0.00,0.00,N 
09:48:15.059 27.85,0.00,0.00,0.00,0.00,0.00,N 
09:48:15.180 11.50,0.00,0.00,0.00,0.00,0.00,N 
09:48:15.295 2.38,0.00,0.00,0.00,0.00,0.00,N 
09:48:15.409 0.00,0.00,0.00,0.00,0.00,0.00,N 
09:48:15.524 0.00,0.00,0.00,0.00,0.00,0.00,N 
09:48:15.638 0.00,0.00,0.00,0.00,0.00,0.00,N 
09:48:15.752 0.00,0.00,0.00,0.00,0.00,0.00,N 
09:48:15.866 0.00,0.00,0.00,0.00,0.00,0.00,N 
09:48:15.980 4.45,0.00,0.00,0.00,0.00,0.00,N 
09:48:16.095 2.09,0.00,0.00,0.00,0.00,0.00,N 
09:48:16.209 6.91,0.00,0.00,0.00,0.00,0.00,N 
09:48:16.323 8.39,0.00,0.00,0.00,0.00,0.00,N 
09:48:16.437 9.38,0.00,0.00,0.00,0.00,0.00,N 
09:48:16.552 9.65,0.00,0.00,0.00,0.00,0.00,N 
09:48:16.666 9.40,0.00,0.00,0.00,0.00,0.00,N 
09:48:16.780 10.96,0.00,0.00,0.00,0.00,0.00,N 
09:48:16.894 11.61,0.00,0.00,0.00,0.00,0.00,N 
09:48:17.008 12.51,0.00,0.00,0.00,0.00,0.00,N 
09:48:17.122 13.73,0.00,0.00,0.00,0.00,0.00,N 
09:48:17.236 14.55,0.00,0.00,0.00,0.00,0.00,N 
09:48:17.350 14.21,0.00,0.00,0.00,0.00,0.00,N 
09:48:17.464 13.66,0.00,0.00,0.00,0.00,0.00,N 
09:48:17.580 13.74,0.00,0.00,0.00,0.00,0.00,N 
09:48:17.694 14.99,0.00,0.00,0.00,0.00,0.00,N 
09:48:17.809 16.29,0.00,0.00,0.00,0.00,0.00,N 
09:48:17.923 17.31,0.00,0.00,0.00,0.00,0.00,N 
09:48:18.037 19.36,0.00,0.00,0.00,0.00,0.00,N 
09:48:18.151 21.35,0.00,0.00,0.00,0.00,0.00,N 
09:48:18.265 25.29,0.00,0.00,0.00,0.00,0.00,N 
09:48:18.380 30.42,0.00,0.00,0.00,0.00,0.00,N 
09:48:18.494 34.32,0.00,0.00,0.00,0.00,0.00,N 
09:48:18.608 39.05,0.00,0.00,0.00,0.00,0.00,N 
09:48:18.722 40.10,0.00,0.00,0.00,0.00,0.00,N 
09:48:18.836 36.49,0.00,0.00,0.00,0.00,0.00,N 
09:48:18.950 38.13,0.00,0.00,0.00,0.00,0.00,N 
09:48:19.064 40.58,0.00,0.00,0.00,0.00,0.00,N 
09:48:19.178 42.13,0.00,0.00,0.00,0.00,0.00,N 
09:48:19.292 45.76,0.00,0.00,0.00,0.00,0.00,N 
09:48:19.407 47.61,0.00,0.00,0.00,0.00,0.00,N 
09:48:19.520 48.91,0.00,0.00,0.00,0.00,0.00,N 
09:48:19.634 51.26,0.00,0.00,0.00,0.00,0.00,N 
09:48:19.748 53.25,0.00,0.00,0.00,0.00,0.00,N 
09:48:19.862 53.51,0.00,0.00,0.00,0.00,0.00,N 
09:48:19.976 53.56,0.00,0.00,0.00,0.00,0.00,N 
09:48:20.093 56.16,0.00,0.00,0.00,0.00,0.00,N