time,world_time,pos_x[mm],pos_y[mm],pos_z[mm],thumbPos_x[mm],thumbPos_y[mm],thumbPos_z[mm],indexPos_x[mm],indexPos_y[mm],indexPos_z[mm],middlePos_x[mm],middlePos_y[mm],middlePos_z[mm],upperPalmPos_x[mm],upperPalmPos_y[mm],upperPalmPos_z[mm],sidePalmPos_x[mm],sidePalmPos_y[mm],sidePalmPos_z[mm],thumbPalmPos_x[mm],thumbPalmPos_y[mm],thumbPalmPos_z[mm],Wrist_qx,Wrist_qy,Wrist_qz,Wrist_qw,Wrist_yaw[rad],Wrist_pitch[rad],Wrist_roll[rad],V_SidePalm[N],V_ThumbPalm[N],V_UpperPalm[N],V_Middle[N],V_Index[N],V_Thumb[N],SumForce
3.030082700017374,494013.6823618,0.1904964447021484,0.3548562526702881,-0.6019473075866699,-0.5356896051815774,1.1220799582095375,-0.0337892055903774,2.027102253882917,-0.4683966283580143,-1.711281055515674,7.065205818376441,-1.2125989301040585,-2.743788630623599,-0.7501840591430664,0.7164925336837769,-1.1344216763973236,-0.2225041389465332,0.5036741495132446,-0.927068293094635,-0.0577569007873535,0.4746317863464355,-0.4520975053310394,0.0001471669708909,-0.0078743380558123,0.002215135510204,0.999966532598335,0.0044283687442437,-0.0157494521219576,0.0002594708219934,0.0,0.0,0.0,0.0,0.0,0.0,0.0
3.1561005000257865,494013.8083796,1.93941593170166,-1.3885498046875,-2.585306763648987,-2.947207188164436,1.524457277575331,-0.5510591276073549,-1.5477667375503046,0.6028739927796956,-3.4456115539475904,-7.923377743390914,2.224712227660963,-2.1146971966456274,-1.827597618103028,-0.271722674369812,-4.472792148590088,0.0848174095153808,-0.9002089500427246,-3.746408969163895,1.1603236198425293,-0.9064376354217528,-2.0038001239299774,-0.0038560131783112,-0.0307204707882376,0.0060463349886782,0.99950228897693,0.0123471501030127,-0.0614023085840959,-0.0080950240663576,0.0,0.0,0.0,0.0,0.0,0.0,0.0
3.1651751000317745,494013.8174542,1.9299983978271484,-1.457512378692627,-2.536892890930176,-2.789773900560677,1.6014162654938435,-0.47840104850351,-2.2761976459011457,0.5212879701030348,-3.176124378468625,-14.427029745271104,4.132012908919236,1.1083811662014105,-1.8027424812316888,-0.2846121788024902,-4.424210637807846,0.0699758529663086,-0.9430646896362304,-3.724224865436554,1.1797547340393066,-0.9492263197898864,-1.9407570362091064,-0.0046509819513197,-0.0305318117219765,0.0064487069361835,0.9995021715927952,0.0131999413856853,-0.0610110823434556,-0.0097093319715473,0.0,0.0,0.0,0.0,0.0,0.0,0.0
3.174197600048501,494013.8264767,1.8996000289916992,-1.542598009109497,-2.5076866149902344,-3.119832515762422,1.5276704323947676,-0.3863235482872082,-2.655988196447856,0.4775138604706797,-3.1184537334060325,-14.787398623717696,4.073893007017714,1.1837279886048462,-1.9524693489074707,-0.3114044666290283,-4.455819725990295,0.0172853469848632,-1.0064691305160522,-3.723610192537308,1.0897517204284668,-1.034282147884369,-1.8955022096633911,-0.0038022469083079,-0.0315143028606607,0.0068263809056376,0.999472757086148,0.0139132504647523,-0.0629850998420787,-0.0080467843533165,0.0,0.0,0.0,0.0,0.0,0.0,0.0
3.183211100054905,494013.8354902,1.8547773361206048,-1.5363693237304688,-2.59573757648468,-3.005234820965708,1.4789883557346228,-0.5250796226109813,-5.1126697947714295,-0.1655051319676692,-2.4917583096524565,-19.94158290641712,5.356771836173502,3.9616303065898575,-1.9177794456481927,-0.3196746110916137,-4.511445760726929,0.0148415565490722,-1.00766122341156,-3.7925615906715393,1.0576844215393066,-1.0368376970291138,-1.99459120631218,-0.0036633076778399,-0.0308887280749926,0.0067789421349756,0.9994931278394552,0.0138040568549129,-0.0617356841843688,-0.0077565416667978,0.0,0.0,0.0,0.0,0.0,0.0,0.0
3.192219800024759,494013.8444989,1.738786697387695,-1.349687576293945,-2.698555588722229,-3.242587901916893,1.5633541330186684,-0.6396490393282064,-5.34297306931264,-0.0994086857826204,-2.59129833716818,-20.15269456120649,5.406062658038224,3.88329828166306,-2.0580291748046875,-0.1491010189056396,-4.619196057319641,-0.0879168510437011,-0.830039381980896,-3.882203251123428,0.9122490882873536,-0.8678659796714783,-2.10442766547203,-0.0029086910276811,-0.0310492102121442,0.0066690486280426,0.9994913755766502,0.0135384205506378,-0.0620678835199359,-0.0062406178961238,0.0,0.0,0.0,0.0,0.0,0.0,0.0
3.201228300051298,494013.8535074,1.662135124206543,-1.169145107269287,-2.7070045471191406,-3.141864781128323,1.6428946275225675,-0.7181950851521193,-6.193807717653765,-0.3066419557518629,-2.334030733284644,-24.319598032349177,6.784491750630838,6.487584220866912,-2.0667314529418945,-7.450580596923828e-05,-4.592668265104294,-0.117957592010498,-0.6642341613769531,-3.860805183649063,0.836491584777832,-0.7063373923301697,-2.1291226148605347,-0.0024432199316437,-0.0304841822148271,0.0064927766044959,0.9995111751066232,0.0131529622695975,-0.0609445551124207,-0.005289750501367,0.32,0.0,0.0,0.0,0.0,0.0,0.32
3.210240500047803,494013.8625196,1.5761852264404297,-1.007169485092163,-2.619147300720215,-3.4229902962461534,1.5910997175199726,-0.6650475590183267,-7.198397174127624,-0.4971674113929958,-1.9838089747940584,-26.47455947687228,7.237313715367288,7.9615782237271535,-2.201855182647705,0.13047456741333,-4.509598016738892,-0.172436237335205,-0.5187541246414185,-3.741893917322159,0.6868839263916016,-0.5836188793182373,-2.056460827589035,-0.0007951859109816,-0.0308029474264182,0.0062669853183678,0.9995055132435398,0.0126009972262065,-0.0616044231988575,-0.0019794248075926,0.32,0.0,0.0,0.0,0.0,0.0,0.32
3.220137100026477,494013.8724162,1.3058185577392578,-0.4978775978088379,-2.485319972038269,-3.631851926981122,1.7332620075411198,-0.6688394765017245,-7.434581438107379,-0.4880034804286559,-1.81545294973659,-26.865336718497,7.416517735287453,8.41480364089362,-2.238631248474121,0.6260573863983154,-4.280734807252884,-0.2368092536926269,-0.0242739915847778,-3.526311367750168,0.3753900527954101,-0.1408606767654419,-1.9668079912662504,0.0018204184077191,-0.028975961113387,0.0063770823855212,0.9995581086533312,0.0126646528262807,-0.0579820146541106,0.0032751735078545,0.32,0.0,0.0,0.0,0.0,0.0,0.32
3.2291591000393964,494013.8814382,1.1708736419677734,-0.2101063728332519,-2.374529838562012,-3.521897329650692,1.7779271062290658,-0.6885785438507444,-7.122712384960428,-0.4913165284896048,-1.765228659646711,-26.52435398904629,7.36855147271076,8.431066630712687,-2.126753330230713,0.8729398250579834,-4.063636064529419,-0.2150535583496093,0.241890549659729,-3.34293395280838,0.2561211585998535,0.1045316457748413,-1.8956251442432404,0.0029572397948073,-0.0270231199032985,0.0062504269382036,0.9996108932412542,0.012354543486721,-0.0540885475284846,0.005582559202601,0.32,0.0,0.0,0.0,0.0,0.0,0.32
3.238224500033539,494013.8905036,1.0391473770141602,0.1384913921356201,-2.1345168352127075,-3.345767615805073,1.763142586604094,-0.6340097588814,-7.063151345875207,-0.6692744982550458,-1.4889993993498636,-26.61651719208402,7.330459857548821,8.960103894343302,-2.0146965980529785,1.1061429977416992,-3.702621906995773,-0.1809000968933105,0.5355775356292725,-2.996820956468582,0.1291632652282714,0.3847628831863403,-1.7139464616775513,0.004624632684046,-0.0250028730171605,0.0055981326507177,0.999661007554186,0.0109751815662646,-0.0500614807373508,0.0089775587928087,0.32,0.0,0.0,0.0,0.0,0.0,0.32
3.2472272000159137,494013.8995063,0.9126663208007812,0.4298090934753418,-1.83790922164917,-3.1601839346071525,1.6904389543755949,-0.5176434123495208,-6.669951829674892,-0.8365413881754047,-1.2636849662060312,-26.20204681855909,7.129325150637134,9.159113693679258,-1.872241497039795,1.2742280960083008,-3.265887498855591,-0.1491904258728027,0.7720589637756348,-2.590429037809372,0.0325441360473632,0.6147176027297974,-1.475796103477478,0.0057568731591941,-0.0227724379502822,0.0048644114266806,0.9997122645955192,0.009473818603497,-0.0456035838451905,0.011300873781123,0.32,0.0,0.0,0.0,0.0,0.0,0.32
3.256239200010896,494013.9085183,0.7064342498779297,0.7570087909698486,-1.588761806488037,-2.7375462622831748,1.7573823100389407,-0.4734306782064323,-6.148996802969764,-0.8956157338164683,-1.0643609709154005,-26.657277097585474,7.285410978225104,9.986261971798628,-1.7213821411132812,1.4703422784805298,-2.8409287333488464,-0.1844167709350586,1.0420233011245728,-2.226267009973526,-0.0963807106018066,0.8926689624786377,-1.2878626585006714,0.0060730052918465,-0.019857027252796,0.004105235596425,0.9997759569604106,0.0079738361248394,-0.0397654984176,0.0119900194861343,0.32,0.0,0.0,0.0,0.0,0.0,0.32
3.265257899998687,494013.917537,0.4557371139526367,0.929802656173706,-1.3521909713745115,-1.5346391989252697,1.8115072627900848,-0.5298541466353252,-4.494997789054711,-0.8967832321587488,-0.9959935141920576,-25.065876403851384,7.31030691512824,9.822705391893711,-1.186370849609375,1.535072922706604,-2.2500120103359222,-0.1308321952819824,1.1715590953826904,-1.8361173570156093,-0.1053810119628906,1.0481029748916626,-1.1276938021183014,0.0041812355409589,-0.0136374554473795,0.0036814593895047,0.9998914860798822,0.0072508435206421,-0.0273061305129527,0.0082643270515635,0.32,0.0,0.0,0.0,0.0,0.0,0.32
3.274269900051877,494013.926549,0.3144741058349609,1.3166069984436035,-1.2601912021636963,-1.7846756255781582,1.8589401962190444,-0.5301291962901827,-4.650931899642608,-0.9117638222873036,-0.8987214714510395,-25.75526384003379,7.44393839630153,10.423073475619292,-1.2461543083190918,1.8803328275680544,-2.114243805408478,-0.1553893089294433,1.5345960855484009,-1.6783885657787323,-0.3038644790649414,1.3739243149757383,-1.0705478489398956,0.0065013327220179,-0.0129466153223026,0.003453725334236,0.9998890886522612,0.0067406624685992,-0.0259381748147874,0.0129164990215402,0.32,0.0,0.0,0.0,0.0,0.0,0.32
3.2832970000454225,494013.9355761,0.2014636993408203,1.5340447425842283,-1.001298427581787,-1.4986893964759052,1.8870326768047063,-0.3987117906264562,-4.170566312676094,-0.9293132705528452,-0.693416194912061,-25.27220160536281,7.404495582061576,10.567471589329504,-1.0811090469360352,2.042233943939209,-1.7216838896274569,-0.125586986541748,1.727163791656494,-1.3401806354522705,-0.3647804260253906,1.558937132358551,-0.8507110178470612,0.0068900281028418,-0.0107106650453126,0.0031836956365696,0.999913832912178,0.0062207221915306,-0.0214650040643916,0.0137142588949075,0.32,0.0,0.0,0.0,0.0,0.0,0.32
3.292324500042014,494013.9446036,0.1083612442016601,1.6888082027435305,-0.6712526082992554,-1.2104862914992245,1.9131409915041089,-0.1710003683728714,-3.734800550214912,-0.936439573492598,-0.3948068699711725,-24.86902161371507,7.401149132648221,10.869017778726844,-0.9275078773498536,2.160578966140747,-1.2715458869934082,-0.0954270362854003,1.8665343523025515,-0.943988561630249,-0.407874584197998,1.689821481704712,-0.5517490208148956,0.0070962841039201,-0.008732950258672,0.0030233566292346,0.9999321165191108,0.0059233022916714,-0.0175085185868966,0.0141414378395359,0.32,0.0,0.0,0.0,0.0,0.0,0.32
3.301338700053748,494013.9536178,0.0352859497070312,1.7830431461334229,-0.4547238349914551,-0.9674768003831158,1.9584781072919388,-0.0205894055069558,-3.367669279011442,-0.9020987074634944,-0.2106655777716331,-24.50820737844484,7.428770022641251,10.998439897712974,-0.807642936706543,2.24246084690094,-0.9678080677986144,-0.0805258750915527,1.9551366567611688,-0.687766820192337,-0.4336833953857422,1.775585114955902,-0.3535300493240356,0.0069677845509502,-0.0072095762530363,0.0030211944402254,0.9999451706833018,0.0059422443080164,-0.0144609679843769,0.0138931414894138,0.32,0.0,0.0,0.0,0.0,0.0,0.32
3.310873200010974,494013.9631523,-0.0455379486083984,1.788407564163208,-0.3035664558410644,-0.7738411777651333,1.9453720333628963,0.0814556052074547,-3.09262849437264,-0.9317537973112522,-0.0720402759334503,-24.26354316885582,7.4139947372768304,11.185145856076064,-0.7261037826538086,2.253323793411255,-0.7477998733520508,-0.0814199447631836,1.9617825746536253,-0.5074851214885712,-0.4804134368896484,1.7748400568962095,-0.2155415713787078,0.0069795541467562,-0.0059464275232908,0.0031383117814922,0.9999530373086454,0.0061938028026297,-0.0119363880022705,0.0139225708136524,0.0,0.0,0.0,0.0,0.0,0.0,0.0
3.320500800036825,494013.9727799,-0.1392364501953125,1.701444387435913,-0.15278160572052,-0.5559803751633563,2.111915327898534,0.2640477281536865,-2.819665863721399,-0.7072743189067698,0.0742546290564589,-23.600432917136427,7.523733730445237,11.078503606164698,-0.6880760192871094,2.273187041282654,-0.573188066482544,-0.1362562179565429,1.9190162420272827,-0.3914535045623779,-0.521540641784668,1.728653907775879,-0.045333057641983,0.0059199312956868,-0.0050589059981163,0.0039901002147932,0.999961719759228,0.0079204901882862,-0.0101648419666938,0.0117999216943034,0.0,0.0,0.0,0.0,0.0,0.0,0.0
3.3295056000351906,494013.9817847,-0.2468824386596679,1.5465319156646729,-0.1393556594848632,-0.2712261202226784,2.124019252043557,0.2795116979351364,-2.4571575112002364,-0.6421820055589889,0.0691563860703049,-21.522848184643006,7.061952330082388,10.09622017948634,-0.6600618362426758,2.142280340194702,-0.5115456879138947,-0.2263188362121582,1.7752796411514282,-0.3871582448482513,-0.5533099174499512,1.6049593687057495,-0.0254474580287933,0.004458410470306,-0.0040405405516879,0.0042372327975395,0.9999729208665342,0.0084385855934743,-0.0081187341100424,0.0088827476139128,0.0,0.0,0.0,0.0,0.0,0.0,0.0
3.3385240000206977,494013.9908031,-0.2287626266479492,1.4357566833496094,-0.1537501811981201,-0.2249621860310746,2.2134401805659065,0.3255409229102474,-2.447601098486852,-0.4996278346529603,0.0647088745978213,-21.52880187802864,7.219517881770887,10.069963267890392,-0.667273998260498,2.103567123413086,-0.557534396648407,-0.240325927734375,1.6959011554718018,-0.4471763968467712,-0.5214214324951172,1.527927815914154,-0.0160746276378631,0.0036591966224294,-0.0043337073314337,0.0047520559350671,0.9999726232378734,0.0094726362222856,-0.0087020646194107,0.0072773446235419,0.0,0.0,0.0,0.0,0.0,0.0,0.0
3.3475274000084028,494013.9998065,-0.2161264419555664,1.3188421726226809,-0.1835823059082031,-0.3665966558921152,2.2161970141431064,0.3667085159329911,-2.262084790305208,-0.2691386159950348,-0.0177419427476246,-18.499285802607403,6.664065208039361,8.530271045981666,-0.7543563842773438,2.0422935485839844,-0.6429292261600494,-0.2821683883666992,1.6041994094848633,-0.5210712552070618,-0.5243420600891113,1.434043049812317,-0.0233575701713562,0.0033096692586792,-0.0051807488489801,0.0050998435526832,0.9999680982543896,0.0101657929157531,-0.0103951119510576,0.0065666873126392,0.0,0.0,0.0,0.0,0.0,0.0,0.0
3.3565349000273272,494014.008814,-0.1724958419799804,1.1859238147735596,-0.2503395080566406,-0.3871375136932364,2.262061427599271,0.3679583746817524,-2.3490863902608794,-0.1768577291088036,-0.0675244150830488,-18.600996743380005,6.7704397957431,8.472449290653659,-0.7865428924560547,1.9711405038833616,-0.7603801786899567,-0.290989875793457,1.498490571975708,-0.6364807486534119,-0.4820823669433594,1.3313144445419312,-0.065479427576065,0.0026700527339922,-0.0058565676766061,0.005513388469952,0.999964086345618,0.0109960859056208,-0.0117424266157051,0.0052757228078172,0.0,0.0,0.0,0.0,0.0,0.0,0.0
3.365536500001326,494014.0178156,-0.1707077026367187,1.0708868503570557,-0.3450512886047363,-0.6028011796590516,2.3025203399200667,0.3637203061733832,-2.2217822151400224,0.1610886565939218,-0.2115079590180677,-16.67904150582178,6.264610557203898,7.389443819219443,-0.8947253227233887,1.945406198501587,-0.9290985763072968,-0.3371238708496094,1.4205574989318848,-0.7889829576015472,-0.5095005035400391,1.2431144714355469,-0.1317076385021209,0.002549498878147,-0.0068327518123059,0.0061170518629337,0.9999546965911246,0.0122001562368749,-0.0136965035912179,0.0050156656352413,0.0,0.0,0.0,0.0,0.0,0.0,0.0
3.374540600052569,494014.0268197,-0.1244544982910156,0.9697377681732178,-0.4578232765197754,-0.6400215301676226,2.3004438306561683,0.2964032574131678,-2.3056704455730603,0.1868521726970939,-0.3108423888989117,-16.76941657497233,6.295853881828406,7.288801668773713,-0.9117722511291504,1.8842071294784544,-1.080598682165146,-0.3258585929870605,1.3366937637329102,-0.9330324828624724,-0.4729032516479492,1.1584460735321045,-0.228825956583023,0.002306677339203,-0.00738026415894,0.0063773071287328,0.9999497691856242,0.0127216602343153,-0.014789746834821,0.0045195001885444,0.0,0.0,0.0,0.0,0.0,0.0,0.0
3.383561000053305,494014.0358401,-0.0803470611572265,0.943303108215332,-0.5943775177001953,-0.8085024703348154,2.2480672245310807,0.1866708149412116,-2.2495255676378,0.2127945281552024,-0.5027403558478996,-14.227065526768667,5.355052211166223,5.837544857717338,-0.97578763961792,1.837804913520813,-1.2586042284965515,-0.3307461738586426,1.3022273778915403,-1.079745590686798,-0.4555583000183105,1.1287406086921692,-0.3616288304328918,0.0024774308259209,-0.008198859847963,0.0061777909607576,0.999944236411482,0.0123162419865682,-0.0164281543398179,0.0048539577131225,0.0,0.0,0.0,0.0,0.0,0.0,0.0
3.392562800028827,494014.0448419,0.0047683715820312,0.9901225566864014,-0.773400068283081,-0.9426565935855002,2.2042694568562005,0.0123645382244172,-2.458429067632384,0.1381221030642976,-0.6696596672109024,-14.437463291672614,5.279503684845532,5.70591689240319,-1.013994216918945,1.8339604139328003,-1.476883888244629,-0.2967119216918945,1.3279467821121216,-1.255962997674942,-0.4056096076965332,1.1610537767410278,-0.5439333617687225,0.0028975558002664,-0.0090952859990393,0.0057474561515674,0.9999379214185078,0.0114436404400697,-0.0182237585876098,0.0056911780598161,0.0,0.0,0.0,0.0,0.0,0.0,0.0
3.4015771000413224,494014.0538562,0.027775764465332,1.0263919830322266,-0.8580684661865234,-1.156958937440944,2.1595772309985497,-0.0588908667767743,-2.21229891253838,0.2227137595360306,-0.8745352342590107,-12.586275903317956,4.563767123296037,4.637811606904685,-1.0947585105895996,1.8303245306015008,-1.5933401882648468,-0.3139972686767578,1.347869634628296,-1.3371780514717102,-0.4146695137023926,1.1839792132377625,-0.6314367055892944,0.0033178591210126,-0.0098495621849868,0.0054012169552524,0.9999314000425328,0.0107386313948939,-0.0197348949518388,0.0065301817906142,0.0,0.0,0.0,0.0,0.0,0.0,0.0
3.411688200023491,494014.0639673,0.0911951065063476,1.0530352592468262,-1.0108351707458496,-1.3774207706938046,2.0300277889823413,-0.2153169174975988,-2.0312046415811302,0.1634827696940233,-1.1381636121164247,-11.526036644921245,4.105209860015668,3.959161489411363,-1.133739948272705,1.7911791801452637,-1.7708837985992432,-0.28228759765625,1.3465732336044312,-1.4719627797603607,-0.3907084465026855,1.1853501200675964,-0.7948912680149078,0.0040446280565495,-0.0105604587171908,0.0048717360372755,0.9999241890681264,0.0096596198512642,-0.0211603040406672,0.0079876204385805,0.0,0.0,0.0,0.0,0.0,0.0,0.0
3.4207795000402257,494014.0730586,0.1467466354370117,1.0762214660644531,-1.0692179203033447,-1.289281550266086,1.996331162657489,-0.297581804908055,-1.9383734366782424,0.1076850058580602,-1.202288833295706,-11.43546260170636,4.049558154022137,3.902843454909275,-1.065671443939209,1.7764121294021606,-1.8132925033569336,-0.2246499061584472,1.354217529296875,-1.5133284032344818,-0.3286004066467285,1.199662685394287,-0.8620433509349823,0.0040496672872117,-0.0104151311114773,0.0045989777431268,0.9999269846556356,0.0091150389660672,-0.0208675043893121,0.0080047735407058,0.0,0.0,0.0,0.0,0.0,0.0,0.0
3.429802500002552,494014.0820816,0.1597404479980468,1.1310577392578125,-1.1053681373596191,-1.5375940538704391,1.9561422727706608,-0.3203882278167216,-2.092291860898321,0.0720927063879717,-1.2613627815026702,-11.03284112744496,3.886515026704007,3.6462036171561394,-1.1533498764038086,1.8028467893600464,-1.880209892988205,-0.2393126487731933,1.3974010944366455,-1.544058322906494,-0.3575086593627929,1.2372732162475586,-0.901300460100174,0.0047449532713044,-0.0111537327718816,0.004336319677304,0.9999171345643412,0.008568317308385,-0.0223486286267479,0.0093948721141049,0.0,0.0,0.0,0.0,0.0,0.0,0.0
3.4388050000416115,494014.0910841,0.1854896545410156,1.1497735977172852,-1.1342018842697144,-1.408241216199535,1.914741457660796,-0.3858277624936776,-1.93452665714422,0.0071281835470893,-1.3016807462402584,-10.876487020948122,3.821518628209841,3.6095489513503,-1.07574462890625,1.7809569835662842,-1.8755383789539333,-0.195622444152832,1.399517059326172,-1.5488378703594208,-0.3136396408081054,1.246631145477295,-0.9421482682228088,0.0046646803172992,-0.0106990581251163,0.0040623778368214,0.9999236310834364,0.008026249951872,-0.0214360231025645,0.0092439762852347,0.0,0.0,0.0,0.0,0.0,0.0,0.0
3.447821300011128,494014.1001004,0.1955032348632812,1.2105703353881836,-1.143038272857666,-1.667017414025196,1.959748629628888,-0.3574194119029261,-1.6027131311020515,0.0962817869243903,-1.5024728083561367,-9.796327910025491,3.473449063386702,2.9680990337598128,-1.1637210845947266,1.8346458673477173,-1.9274502992630005,-0.2140998840332031,1.4555901288986206,-1.5661008656024933,-0.34332275390625,1.2986809015274048,-0.948537141084671,0.0052364474429859,-0.0114566449591844,0.0039770941044881,0.9999127500071896,0.007835654458401,-0.0229549583125062,0.0103837750085392,0.0,0.0,0.0,0.0,0.0,0.0,0.0
3.4568402000004426,494014.1091193,0.2104043960571289,1.2597441673278809,-1.1609047651290894,-1.7218480059193464,2.063793386975293,-0.3438556975282961,-1.1739213255892444,0.2617093965608941,-1.6572283116967832,-9.05727783794541,3.3809859008888665,2.567480348343561,-1.1598467826843262,1.903429627418518,-1.947678625583649,-0.2033710479736328,1.515015959739685,-1.5897229313850405,-0.3314614295959472,1.3518333435058594,-0.9616054594516754,0.0052035011701444,-0.011554600182305,0.0040943578376664,0.9999113215801172,0.0080699910208023,-0.0231518292712645,0.010314409140018,0.0,0.0,0.0,0.0,0.0,0.0,0.0
3.465867400052957,494014.1181465,0.2142190933227539,1.2625455856323242,-1.160740852355957,-1.7028979932123267,2.0916877803062173,-0.3380818356471179,-1.1456358626684704,0.3000630137551807,-1.6568031243452808,-9.026473491001497,3.419411865593691,2.5621643090345745,-1.1437535285949707,1.924067735671997,-1.9473135471344,-0.1924633979797363,1.5250742435455322,-1.5945583581924438,-0.3260374069213867,1.3585165143013,-0.958722084760666,0.0051781372211469,-0.0114814232343673,0.0042314407280288,0.999911725466202,0.00834553505533,-0.0230066709402292,0.0102610898526697,0.0,0.0,0.0,0.0,0.0,0.0,0.0
3.4748814000049606,494014.1271605,0.2260208129882812,1.240164041519165,-1.1333823204040527,-1.6010128011167968,2.111545067502746,-0.3116337383945664,-0.9309702512669826,0.3399343880259864,-1.6570518066907385,-8.755745043470542,3.416948995904223,2.513688154216275,-1.0730624198913574,1.9229501485824585,-1.8996745347976685,-0.1572966575622558,1.5119165182113647,-1.5671662986278534,-0.2965331077575683,1.342572271823883,-0.9304657578468324,0.0049601268439597,-0.0110481671019976,0.0044111528302469,0.9999169349881452,0.0087142181688722,-0.0221400672617429,0.0098245251684335,0.0,0.0,0.0,0.0,0.0,0.0,0.0
3.4838859000010416,494014.136165,0.2177953720092773,1.249253749847412,-1.1119693517684937,-1.6237351749019968,2.15223122022426,-0.2775120191322103,-0.9433748686291654,0.3979264319254327,-1.6332231111065922,-8.761342796245186,3.473541664132551,2.530985912500085,-1.0756254196166992,1.9634664058685305,-1.884650439023972,-0.1558661460876464,1.5335381031036377,-1.55528262257576,-0.3101825714111328,1.3561919331550598,-0.9040609002113342,0.0050569358914698,-0.0110427983337978,0.0046462811765112,0.9999154444629694,0.0091824690965468,-0.022132527987968,0.0100130203165845,0.0,0.0,0.0,0.0,0.0,0.0,0.0
3.492912200046703,494014.1451913,0.211954116821289,1.242905855178833,-1.0603666305541992,-1.4650800006557052,2.229907544991722,-0.2279122065394004,-0.6276747479561084,0.4905458186320044,-1.6242629037192535,-8.29247940294131,3.506471762103669,2.424897807851304,-1.0013580322265625,1.9895285367965696,-1.8135905265808103,-0.1373291015625,1.5397220849990845,-1.5124119818210602,-0.2850890159606933,1.3653114438056946,-0.8482486009597778,0.0045421542865269,-0.0104710146322235,0.0049338723311846,0.9999226888069042,0.0097741678510204,-0.0209867715809391,0.0089823797639074,0.0,0.0,0.0,0.0,0.0,0.0,0.0
3.50191900000209,494014.1541981,0.2399682998657226,1.2809038162231443,-1.062646508216858,-1.491313080741019,2.2636624459559105,-0.2226030921532104,-0.658672994163334,0.5287066799829487,-1.6235818798465105,-8.31803784799634,3.54245393906516,2.427680337248954,-0.9911060333251952,2.037748694419861,-1.826345920562744,-0.1099705696105957,1.5814900398254397,-1.5188604593276978,-0.2686381340026855,1.402139663696289,-0.8486099541187286,0.0047391504616196,-0.0106216370262122,0.0050023358731899,0.9999198457454463,0.009905601678153,-0.0212905933884985,0.0093735368203743,0.0,0.0,0.0,0.0,0.0,0.0,0.0
3.5119401999982074,494014.1642193,0.2601146697998047,1.346111297607422,-0.9996294975280762,-1.4678718223961609,2.3033043509454454,-0.1750515449527381,-0.5558663658651319,0.5379855151543822,-1.5946276979083365,-8.115029947947994,3.4955939937186264,2.390720800720095,-0.9682178497314452,2.087712287902832,-1.7677471041679382,-0.0880360603332519,1.6376078128814695,-1.4539062976837158,-0.2489686012268066,1.4643296599388125,-0.788956880569458,0.0048066273152377,-0.0105972113962447,0.0049188137649514,0.9999201971735652,0.0097373192938407,-0.0212416145821422,0.009510524908497,0.0,0.0,0.0,0.0,0.0,0.0,0.0
3.521293100027833,494014.1735722,0.2496242523193359,1.3220012187957764,-0.99104642868042,-1.285265290769999,2.328057443300363,-0.1786040239965536,-0.2776071419339221,0.5838640008170581,-1.5955020742147477,-7.767527767177373,3.529564153710474,2.3275157848729378,-0.8757114410400391,2.083122730255127,-1.7071254551410675,-0.0619888305664062,1.6257315874099731,-1.433294266462326,-0.223398208618164,1.447245478630066,-0.7821880280971527,0.0043460418648013,-0.0097984100166707,0.0050724704986008,0.9999296840899844,0.0100611692965891,-0.0196407951539616,0.0085938315354599,0.0,0.0,0.0,0.0,0.0,0.0,0.0
3.5306966000352986,494014.1829757,0.2168416976928711,1.3228952884674072,-0.9515583515167236,-1.1765789609361477,2.378604218533253,-0.1459711261559623,-0.1258542937017104,0.6491342623192731,-1.5617263978165794,-7.6145428658416225,3.597254389686666,2.345404581290799,-0.8344054222106934,2.106413245201111,-1.6419775784015656,-0.066995620727539,1.6361474990844729,-1.3933219015598295,-0.2322793006896972,1.4563053846359253,-0.7419697940349579,0.0040366677536861,-0.0092495274753663,0.0052706425671364,0.9999351838403618,0.0104679178013277,-0.0185414699438534,0.0079767660068747,0.0,0.0,0.0,0.0,0.0,0.0,0.0
3.5397006000275724,494014.1919797,0.269174575805664,1.3630688190460205,-0.9276866912841796,-1.0845318045222818,2.3903733985056466,-0.1401323661517975,-0.0158698522534361,0.6474396443481023,-1.5455275730568585,-7.37080968262549,3.5588055704745547,2.292117562467057,-0.7591843605041504,2.129465341567993,-1.6062669456005096,-0.0053644180297851,1.6684532165527344,-1.3600662350654602,-0.1733899116516113,1.492224633693695,-0.7234029471874237,0.0040399788676563,-0.009054210806493,0.0051636247449041,0.9999375164563606,0.0102553154176412,-0.0181500084923817,0.0079873482630796,0.0,0.0,0.0,0.0,0.0,0.0,0.0
3.548720500024501,494014.2009996,0.3070831298828125,1.4454126358032229,-0.9007453918457032,-1.2925250256883292,2.406474409832132,-0.0947024064331877,-0.2806141694446928,0.6524432899535082,-1.5078588501923202,-7.629000446316647,3.557788392271777,2.3514286114044487,-0.8338093757629395,2.200201153755188,-1.624520868062973,-0.0003576278686523,1.744970679283142,-1.3394318521022797,-0.1807808876037597,1.56296044588089,-0.6947442889213562,0.004702130909803,-0.0099145541583578,0.0050292353983363,0.9999271465322142,0.0099666325838069,-0.019876268657842,0.0093058238645039,0.0,0.0,0.0,0.0,0.0,0.0,0.0
3.5577266000327654,494014.2100057,0.3212690353393554,1.4473497867584229,-0.9053945541381836,-1.146858779198956,2.3795464650671336,-0.1293564524832355,-0.0987426813983116,0.6139310216928262,-1.5181297025862963,-7.365706065404431,3.5070245147138523,2.2919285181932474,-0.7514357566833496,2.177909016609192,-1.5880502760410309,0.0380873680114746,1.7385035753250122,-1.3220012187957764,-0.1430511474609375,1.559622585773468,-0.7089078426361084,0.0045194737207956,-0.0093443927764024,0.0048692921120056,0.9999342711774886,0.0096553246750703,-0.0187326660058291,0.0089490417131794,0.0,0.0,0.0,0.0,0.0,0.0,0.0
3.56674220005516,494014.2190213,0.2911090850830078,1.4818012714385986,-0.9163469076156616,-1.3531141482419071,2.373502045309228,-0.1280984436873786,-0.3216444958997755,0.6076055482007181,-1.5317172631423726,-7.573813609161428,3.483804015932901,2.28020436487803,-0.8498430252075195,2.2207647562026978,-1.6417652368545532,-0.0047087669372558,1.7723143100738523,-1.3462267816066742,-0.208437442779541,1.5888512134552002,-0.7165484130382538,0.0050898181516202,-0.009903131510055,0.0049330532912046,0.9999258406115448,0.00976664517899,-0.0198563156648274,0.0100833345996755,0.0,0.0,0.0,0.0,0.0,0.0,0.0
3.57577220001258,494014.2280513,0.3079175949096679,1.4777183532714844,-1.0045021772384644,-1.2149021438165877,2.3715825412739253,-0.2354848605337564,-0.1488607745707693,0.6032563885429165,-1.6273379216073731,-7.400931181276826,3.480535485093084,2.1784545305373726,-0.7714033126831055,2.2111237049102783,-1.701876521110535,0.0340938568115234,1.7661750316619873,-1.4239773154258728,-0.1706480979919433,1.5853792428970337,-0.8093751966953278,0.0048774368873226,-0.0094161972870971,0.0049202178317335,0.9999316663125282,0.009749801522812,-0.018880225454491,0.0096634203491259,0.0,0.0,0.0,0.0,0.0,0.0,0.0
3.584791800007224,494014.2370709,0.3446340560913086,1.5240609645843506,-1.0696202516555786,-1.3071314990458216,2.3894914483292284,-0.2886075700323232,-0.2679128374041273,0.6257130653369858,-1.6850127161616035,-7.477177271084212,3.486214160358714,2.107591542972114,-0.7933974266052246,2.254843711853028,-1.7915107309818268,0.0517964363098144,1.8110573291778564,-1.4946907758712769,-0.1558065414428711,1.627698540687561,-0.8723326027393341,0.005160922996649,-0.0098700611212683,0.0048749860081618,0.999926087907854,0.0096494133978833,-0.0197902738647203,0.0102270311746575,0.0,0.0,0.0,0.0,0.0,0.0,0.0
3.594833400042262,494014.2471125,0.3542900085449219,1.5080571174621582,-1.082003116607666,-1.4519718859928863,2.384294820642702,-0.2694768770461417,-0.4784007212959018,0.6416297924264902,-1.6723632776203188,-7.616085523089788,3.4746364807302643,2.07956131339917,-0.8714199066162109,2.241373062133789,-1.83313712477684,0.0216364860534667,1.7988085746765137,-1.51844322681427,-0.1671314239501953,1.6129836440086365,-0.8775778114795685,0.0052273851402444,-0.0105418935782501,0.0048270349786391,0.9999191180579036,0.0095453526023541,-0.0211341206284296,0.0103546498650126,0.0,0.0,0.0,0.0,0.0,0.0,0.0
3.603858200018294,494014.2561373,0.3141164779663086,1.478642225265503,-1.0651201009750366,-1.4779408140848105,2.391442602654504,-0.2430102919073959,-0.4979671803739816,0.6622021868172845,-1.6542260649268348,-7.634511685064238,3.4961860698520253,2.0903711531349862,-0.9022951126098632,2.2339969873428345,-1.8184073269367216,-0.0139474868774414,1.778498291969299,-1.509338617324829,-0.2053380012512207,1.5893727540969849,-0.856500118970871,0.0051597682168094,-0.0104968661595956,0.0049929718774579,0.999919128142175,0.0098791616851511,-0.0210451131066813,0.0102163207408556,0.0,0.0,0.0,0.0,0.0,0.0,0.0
3.6128789000213146,494014.265158,0.3141164779663086,1.478642225265503,-1.0651201009750366,-1.4779408140848105,2.391442602654504,-0.2430102919073959,-0.4979671803739816,0.6622021868172845,-1.6542260649268348,-7.634511685064238,3.4961860698520253,2.0903711531349862,-0.9022951126098632,2.2339969873428345,-1.8184073269367216,-0.0139474868774414,1.778498291969299,-1.509338617324829,-0.2053380012512207,1.5893727540969849,-0.856500118970871,0.0051597682168094,-0.0104968661595956,0.0049929718774579,0.999919128142175,0.0098791616851511,-0.0210451131066813,0.0102163207408556,0.0,0.0,0.0,0.0,0.0,0.0,0.0
3.62188720004633,494014.2741663,0.2728700637817383,1.4004409313201904,-1.1780858039855957,-1.5559338537458611,2.294654957434167,-0.3569589973847278,-0.5609846241543259,0.611628086893079,-1.7595376343346372,-7.628836578207565,3.4179154799136025,1.947973690601292,-0.9446144104003906,2.1710991859436035,-1.9422173500061035,-0.0513195991516113,1.704677939414978,-1.6305185854434967,-0.2514123916625976,1.513935625553131,-0.9666644036769868,0.0052408552263545,-0.0105339350617495,0.0051222926012072,0.9999176624938272,0.0101357623048615,-0.021121396223388,0.0103754319523247,0.0,0.0,0.0,0.0,0.0,0.0,0.0
3.63089960004436,494014.2831787,0.2536773681640625,1.4022588729858398,-1.156628131866455,-1.7343323729639426,2.2757180798083088,-0.3140301206640342,-0.7920109168746414,0.6202727819716314,-1.7159858489662807,-7.831174885833292,3.413782164610524,1.983603619709696,-1.0467767715454102,2.1713227033615112,-1.9527450203895569,-0.1055002212524414,1.7066895961761477,-1.6198307275772097,-0.293433666229248,1.515105366706848,-0.9397454559803008,0.0053993261505983,-0.0111732612752576,0.0050637427768891,0.999910177975344,0.0100085978651121,-0.0224010703970869,0.0106874101055676,0.0,0.0,0.0,0.0,0.0,0.0,0.0
3.6399131000507614,494014.2921922,0.2584457397460937,1.363128423690796,-1.1111199855804443,-1.6719006322809538,2.231417560767529,-0.2798701495773242,-0.7279822383281509,0.566516700010733,-1.6741799519202645,-7.774287825879744,3.362149261092129,2.025522431681909,-1.0260343551635742,2.1128803491592407,-1.8950514495372768,-0.1028776168823242,1.660168170928955,-1.5673860907554626,-0.2756714820861816,1.4757812023162842,-0.8976273238658905,0.0051776622896048,-0.0110259832622279,0.0049270738942863,0.9999136679979708,0.0097416529509545,-0.0221028838206469,0.0102484615477706,0.0,0.0,0.0,0.0,0.0,0.0,0.0
3.648926000052597,494014.3012051,0.2360343933105468,1.328200101852417,-1.0966956615447998,-1.6797157101335891,2.1627902536705546,-0.2790715883165748,-0.7328530214523177,0.520555225581365,-1.6517286434597176,-7.757674841164963,3.301985919107797,2.037306101595436,-1.0353922843933103,2.06822156906128,-1.8739886581897736,-0.1208782196044921,1.6208142042160034,-1.5481039881706238,-0.2934932708740234,1.439020037651062,-0.8859969675540924,0.0051524553815567,-0.0109147092502233,0.0048661208575642,0.9999153175111,0.0096213937082815,-0.0218794604860137,0.0102004318071472,0.0,0.0,0.0,0.0,0.0,0.0,0.0
3.657945200044196,494014.3102243,0.2247095108032226,1.2880265712738037,-1.145884394645691,-1.7182544796183752,2.175446218271121,-0.3065001308686296,-0.7858376772762465,0.5496987581390389,-1.695622383649122,-7.813955070097522,3.3334812578666995,1.9862144383377724,-1.0665059089660645,2.053678035736084,-1.9387602806091309,-0.1427531242370605,1.5914589166641235,-1.6124844551086426,-0.3081560134887695,1.4074668288230896,-0.9273923933506012,0.005047203425714,-0.0111015133353536,0.0050435748608182,0.9999129184543362,0.0099768439261139,-0.0222538418558897,0.0099841831717516,0.0,0.0,0.0,0.0,0.0,0.0,0.0
3.6669570000376552,494014.3192361,0.2144575119018554,1.283198595046997,-1.140594482421875,-1.8546057687738315,2.175625866355224,-0.2800976184351642,-0.9365444649238608,0.57947606388975,-1.682858042718118,-7.954350729162174,3.3585384110790817,1.9960478064872875,-1.129746437072754,2.073034644126892,-1.9662678241729736,-0.1692175865173339,1.5953034162521362,-1.6251951456069946,-0.339210033416748,1.4065802097320557,-0.9141005575656892,0.005247101113318,-0.0115490852012572,0.0052069879400468,0.9999059824991112,0.010294739254958,-0.023152710393264,0.010375910688797,0.0,0.0,0.0,0.0,0.0,0.0,0.0
3.6759858000441454,494014.3282649,0.2241134643554687,1.2978613376617432,-1.14557147026062,-1.880799803221312,2.170029515421473,-0.2856134657478887,-0.9746267914176876,0.5670049071847538,-1.6865934253981942,-7.993384143387905,3.345342266958762,1.9976702240204496,-1.1398792266845703,2.076670527458191,-1.9766055047512048,-0.167548656463623,1.6053617000579834,-1.6283541917800903,-0.335395336151123,1.417987048625946,-0.9202472865581512,0.0053290692972456,-0.0116892343167328,0.0051172521107168,0.9999043837049366,0.0101118885326883,-0.0234329181032552,0.0105405749041047,0.0,0.0,0.0,0.0,0.0,0.0,0.0
3.685014800052159,494014.3372939,0.2087354660034179,1.3231635093688965,-1.1257529258728027,-2.033111637378626,2.194136356336113,-0.2418668647215169,-1.144729296324698,0.610146274537704,-1.6581778029372063,-8.158887739247112,3.387358514877259,2.03034460414131,-1.2125968933105469,2.1191537380218506,-1.9842647016048431,-0.2003908157348632,1.6378164291381836,-1.6210675239562988,-0.3730058670043945,1.4440268278121948,-0.8940659463405609,0.0055728641320636,-0.0121534808942639,0.0052138167214261,0.999897020798999,0.0102943374614308,-0.0243649811110623,0.0110213427625396,0.0,0.0,0.0,0.0,0.0,0.0,0.0
3.6954246000386775,494014.3477037,0.2086162567138672,1.346886157989502,-1.1437088251113892,-1.9334164942026444,2.181748115930665,-0.285103487187209,-0.9978052489538758,0.6054272089551782,-1.6784911157995877,-7.99682794268719,3.3835287897135413,2.0029822425722403,-1.147747039794922,2.128973603248596,-1.9621290266513824,-0.1739859580993652,1.6581416130065918,-1.6184821724891665,-0.3537535667419433,1.4626756310462952,-0.9200982749462128,0.0054632386562998,-0.01161636281788,0.0051189475052221,0.9999045001972472,0.01011290597213,-0.0232885440364372,0.0108096483980033,0.0,0.0,0.0,0.0,0.0,0.0,0.0
3.7044313000515103,494014.3567104,0.2273321151733398,1.3455748558044434,-1.1542737483978271,-1.9019079501276792,2.1512766982314524,-0.3073054627014196,-0.9566737402160186,0.5669460338893484,-1.691907502109586,-7.952794148858855,3.3434691942922923,1.9933279958660053,-1.1170506477355957,2.115890383720398,-1.964326947927475,-0.1477599143981933,1.651763916015625,-1.6209781169891355,-0.3340840339660644,1.4565140008926392,-0.9348131716251372,0.005547683770188,-0.0115080665752627,0.0050391359484664,0.9999056929117758,0.0099524482658096,-0.0230719204928307,0.0109814830657633,0.0,0.0,0.0,0.0,0.0,0.0,0.0
3.713437500002328,494014.3657166,0.210881233215332,1.3542473316192627,-1.1740922927856443,-1.9836171876119744,2.1177460365957024,-0.3323228745792314,-0.9338168551860092,0.5154713663984567,-1.753647140417437,-7.982431994876693,3.3213584897895942,1.957114809953864,-1.148998737335205,2.123951911926269,-2.002369612455368,-0.1665353775024414,1.6566663980484009,-1.6475431621074677,-0.359654426574707,1.4645010232925415,-0.95411017537117,0.0057078463058047,-0.0116464524492331,0.0050608949716755,0.9999030792921796,0.0099907463621456,-0.0233505428693481,0.0113000241835928,0.0,0.0,0.0,0.0,0.0,0.0,0.0
3.7224504000041634,494014.3747295,0.2378225326538086,1.360386610031128,-1.149296760559082,-1.962884896706596,2.1315817011239027,-0.3031900561348277,-0.898782867817749,0.5381030753845994,-1.7313371731421423,-7.95351471805783,3.350548414061072,1.978920525824433,-1.1255741119384766,2.1344125270843506,-1.979392021894455,-0.1442432403564453,1.6650855541229248,-1.6261041164398191,-0.3305673599243164,1.4736279845237732,-0.9273439645767212,0.005610086827507,-0.0116783167964468,0.0050874754235754,0.9999031260259188,0.0100458547640165,-0.023413592449563,0.0111035318235904,0.0,0.0,0.0,0.0,0.0,0.0,0.0
3.731459100032225,494014.3837382,0.2707242965698242,1.4026165008544922,-1.186370849609375,-1.9574904082044764,2.1892273048940702,-0.3306030728220596,-0.890581048630601,0.6063512900562062,-1.7659572620335393,-7.940037352290652,3.417744570831993,1.941524038106757,-1.0970234870910645,2.196356654167176,-2.023831009864807,-0.1072883605957031,1.7150789499282837,-1.6697905957698822,-0.3045797348022461,1.5179067850112915,-0.9610392153263092,0.0057241421783528,-0.0117363081603452,0.0052316251220883,0.9999010567879552,0.0103308984454069,-0.0235323588631119,0.011327730231129,0.0,0.0,0.0,0.0,0.0,0.0,0.0
3.740459599997848,494014.3927387,0.3167390823364258,1.4268457889556885,-1.2363195419311523,-2.0099284429171416,2.177881211921612,-0.3720667087615606,-0.8837455850523313,0.5935447135119176,-1.8340016591962127,-7.9721238139196515,3.428729337571712,1.8973247586876527,-1.086711883544922,2.215176820755005,-2.0813271403312683,-0.0757575035095214,1.738712191581726,-1.719437539577484,-0.2685785293579101,1.5394017100334167,-1.010049134492874,0.0058181988454877,-0.0119971276644768,0.005159049286727,0.99989779562736,0.0101805615835798,-0.0240541553251959,0.0115150063963467,0.0,0.0,0.0,0.0,0.0,0.0,0.0
3.749465700006113,494014.4017448,0.3533363342285156,1.436173915863037,-1.2923479080200195,-2.15186672910761,2.195034351189118,-0.3948485189681841,-1.078392131225625,0.617711686625888,-1.8770848510148743,-8.167523993111603,3.451850037624271,1.8611583034090944,-1.142263412475586,2.237871289253235,-2.1800994873046875,-0.0727176666259765,1.7532408237457275,-1.7933249473571775,-0.2625584602355957,1.549646258354187,-1.057606190443039,0.0061000417729163,-0.0127297206182415,0.0052156453427501,0.9998867639623044,0.0102783343291815,-0.025522960563185,0.0120701387832178,0.0,0.0,0.0,0.0,0.0,0.0,0.0
3.758477600000333,494014.4107567,0.3505945205688476,1.4223158359527588,-1.3214349746704102,-1.932527939945805,2.13838616444878,-0.4746215611167934,-0.7418026291137192,0.5260995487829101,-1.9444459913705856,-7.870897861370407,3.385026671220704,1.8085593206709305,-1.0266900062561035,2.192080020904541,-2.1468698978424072,-0.0327229499816894,1.7274916172027588,-1.7914064228534698,-0.2254843711853027,1.530088484287262,-1.1010132730007172,0.0057726460635725,-0.0117652803294371,0.0050258200148842,0.99990149308288,0.009917737878709,-0.0235884547310585,0.0114293228137576,0.0,0.0,0.0,0.0,0.0,0.0,0.0
3.767484800016973,494014.4197639,0.355839729309082,1.428753137588501,-1.3275444507598877,-1.9877684452533904,2.1255425309532616,-0.4766490769329071,-0.8087117293478219,0.5105406389091516,-1.9477833384652448,-7.935018966754859,3.367679762563469,1.810625807191785,-1.0470151901245115,2.196133136749268,-2.163171768188477,-0.0335574150085449,1.7326176166534424,-1.798402518033981,-0.2318620681762695,1.533113420009613,-1.106947660446167,0.0059617982797891,-0.011960659899755,0.004997879105032,0.9998982052091528,0.0098551196847055,-0.0239807758296498,0.0118064958085515,0.0,0.0,0.0,0.0,0.0,0.0,0.0
3.776494800054934,494014.4287739,0.4109144210815429,1.4373362064361572,-1.3466179370880127,-1.874543761995362,2.107456168925742,-0.5162295251881845,-0.6857719835122733,0.4745459693379916,-1.9790770142075216,-7.822068629168788,3.332531927870752,1.7819215385226437,-0.9769201278686525,2.174198627471924,-2.1740607917308807,0.0181198120117187,1.7273575067520142,-1.8098615109920504,-0.1636743545532226,1.539960503578186,-1.131393015384674,0.0057588297362289,-0.0118174120679467,0.004796662753548,0.9999020835454412,0.0094590724128036,-0.0236899720241164,0.0114066113360106,0.0,0.0,0.0,0.0,0.0,0.0,0.0
3.785508500004653,494014.4377876,0.4843473434448242,1.4612972736358645,-1.3631582260131836,-2.0996742027230564,2.157212555719795,-0.4730296130072975,-1.028079060701792,0.5280102183970459,-1.972259753550136,-8.180146197589666,3.3884160040046907,1.801958203883384,-1.084089279174805,2.201557159423828,-2.2679083049297333,0.0106096267700195,1.7531365156173706,-1.8582269549369808,-0.1354813575744629,1.5684738755226135,-1.1328421533107758,0.0059475362203223,-0.0132262945052381,0.0047352219620521,0.9998836280385528,0.009315421671635,-0.0265089411146566,0.0117728374470643,0.0,0.0,0.0,0.0,0.0,0.0,0.0
3.795270700007677,494014.4475498,0.466465950012207,1.4572441577911377,-1.430600881576538,-2.090660387744858,2.145087931473305,-0.5470215180197677,-1.010405784062307,0.5252680065641613,-2.040445446581888,-8.12686993379308,3.39038779123646,1.713485928033047,-1.0904669761657717,2.189427614212036,-2.328090369701385,-0.008702278137207,1.7462223768234253,-1.9230768084526064,-0.1440644264221191,1.5658587217330933,-1.2014620006084442,0.0057719939013483,-0.0131274724930089,0.0046787456359898,0.9998862249734324,0.0092081999309503,-0.0263090041294061,0.0114240360009036,0.0,0.0,0.0,0.0,0.0,0.0,0.0
3.804298100003507,494014.4565772,0.4528760910034179,1.4527440071105957,-1.4196932315826416,-2.1167342023904467,2.118823961169886,-0.539557779179245,-1.0392984654326032,0.5056821248788368,-2.023649716762034,-8.095390410791437,3.3730907661010945,1.7056833830387512,-1.0982155799865725,2.183675765991211,-2.310946583747864,-0.0156164169311523,1.741856336593628,-1.9069835543632507,-0.159919261932373,1.5578866004943848,-1.1924393475055697,0.0058823533128023,-0.0130745146535428,0.0046647279309323,0.9998863411905416,0.0091778572497505,-0.0262039350976612,0.0116456524892881,0.0,0.0,0.0,0.0,0.0,0.0,0.0
3.813309400051367,494014.4655885,0.5060434341430664,1.4228522777557373,-1.4762282371520996,-1.9543999621056685,2.113237412013469,-0.6071042220904821,-0.8649845096659892,0.4972792730749686,-2.085745311891228,-7.930513383769711,3.3689224677666,1.6368590981086524,-1.0071396827697754,2.14385986328125,-2.3487135767936707,0.0406503677368164,1.7087161540985107,-1.9590109586715696,-0.0838637351989746,1.5327855944633484,-1.2509040534496307,0.0054760086681908,-0.0127690872545861,0.004605123767638,0.9998928725492724,0.0090725081046847,-0.0255886664640958,0.0108369973968561,0.0,0.0,0.0,0.0,0.0,0.0,0.0
3.822327900037635,494014.474607,0.5241632461547852,1.4354586601257324,-1.5441328287124634,-2.06698140859074,2.0649663920112027,-0.6723227324673884,-1.0027762200626178,0.4390390156052137,-2.1488134510253034,-8.041052082864875,3.3081073097272484,1.575221805165115,-1.0451078414916992,2.1399855613708496,-2.4363063275814056,0.0441670417785644,1.7137080430984497,-2.0248591899871826,-0.0899434089660644,1.5356391668319702,-1.320600509643555,0.0058892622695225,-0.0131838538273723,0.0044633016515274,0.9998857842406536,0.0087734718278125,-0.026420340765557,0.0116638272255629,0.0,0.0,0.0,0.0,0.0,0.0,0.0
3.831332100031432,494014.4836112,0.5415678024291992,1.484811305999756,-1.5660524368286133,-2.179897166143085,2.124999877880507,-0.668099321266151,-1.1537129898198106,0.5060746977625374,-2.160661870412849,-8.192539880345073,3.3745076479387848,1.5674542077986058,-1.0946989059448242,2.202242612838745,-2.489998936653137,0.0373721122741699,1.768156886100769,-2.0609647035598755,-0.0950098037719726,1.5864372253417969,-1.3356544077396393,0.0060898497506014,-0.0137199364715128,0.0045277872213949,0.99987708055346,0.0088908341604382,-0.0274951113034711,0.0120588104452847,0.0,0.0,0.0,0.0,0.0,0.0,0.0
3.840332899999339,494014.492612,0.5570650100708008,1.5069544315338137,-1.583591103553772,-2.1909912412449994,2.100110833587465,-0.6966913459449109,-1.1762551013634326,0.4653601725906897,-2.17771814293345,-8.207317136501358,3.331713579969142,1.5552217599806035,-1.0924339294433594,2.1988898515701294,-2.505972981452942,0.0480413436889648,1.7796754837036133,-2.0691901445388794,-0.0838637351989746,1.600995659828186,-1.358192414045334,0.0062149739582949,-0.0137905106297752,0.0043354660884636,0.9998761921603412,0.0085017918750995,-0.0276350134451024,0.0123138451864678,0.0,0.0,0.0,0.0,0.0,0.0,0.0
3.849339600012172,494014.5016187,0.5860328674316406,1.4987587928771973,-1.7023682594299316,-2.2860278855660887,2.091164176595439,-0.7984257944099737,-1.3093220136435324,0.4548585146709749,-2.2915756530980502,-8.326138215000167,3.3170608913751787,1.4380762639947462,-1.125931739807129,2.19784677028656,-2.6601627469062805,0.0554919242858886,1.7721503973007202,-2.202581614255905,-0.0771880149841308,1.5933886170387268,-1.4715306460857391,0.0064510353048423,-0.0142953409448648,0.0043802573728766,0.9998674115682106,0.0085785387090149,-0.0286473236543259,0.0127807172132268,0.0,0.0,0.0,0.0,0.0,0.0,0.0
3.858372900052928,494014.510652,0.637054443359375,1.5085935592651367,-1.821264624595642,-2.3938972966945915,2.101255222552667,-0.8891356810418403,-1.457264390289481,0.4717308790358476,-2.3986997905073424,-8.471441403047786,3.331978939299929,1.3373258571388134,-1.1508464813232422,2.221941947937012,-2.8147809207439423,0.082552433013916,1.7873793840408323,-2.335868775844574,-0.0548362731933593,1.6027241945266724,-1.5834532678127289,0.0067758726083554,-0.0149016863858904,0.0044525233977861,0.9998560908093944,0.008705813193846,-0.0298638620727587,0.0134234831509847,0.0,0.0,0.0,0.0,0.0,0.0,0.0
3.8673822000273503,494014.5196613,0.7020235061645508,1.5419721603393557,-1.9052773714065552,-2.5012445369168024,2.1175164767395502,-0.9481730115611028,-1.599333503790934,0.4944561097685596,-2.467889002112932,-8.592662435982446,3.350659943287815,1.2689100948591745,-1.154959201812744,2.272084355354309,-2.929862588644028,0.1333355903625488,1.82737410068512,-2.4299658834934235,-0.0230669975280761,1.6317367553710938,-1.662127673625946,0.0072734649278,-0.0154531832293154,0.0045428774202627,0.9998438168537972,0.0088639066763388,-0.0309725760878679,0.0144116646716882,0.0,0.0,0.0,0.0,0.0,0.0,0.0
3.8764072000049055,494014.5286863,0.7284879684448242,1.5840232372283936,-1.9541382789611816,-2.6688786877675508,2.114969559375318,-0.9764701930177132,-1.82029688449048,0.4825884733836161,-2.504108187112752,-8.812593735339158,3.335517548655409,1.2487954039874012,-1.2254714965820312,2.3020803928375244,-3.015585243701935,0.1266002655029297,1.8639415502548216,-2.485141158103943,-0.0306963920593261,1.666150987148285,-1.708243042230606,0.0077093538251244,-0.0161889502173907,0.0044134435731033,0.999829488097988,0.0085803907068325,-0.0324461218608443,0.0152818182921733,0.0,0.0,0.0,0.0,0.0,0.0,0.0
3.885423000028823,494014.5377021,0.7574558258056641,1.5802383422851562,-2.016007900238037,-2.700378555391847,2.0977790109147354,-1.0326975796960889,-1.8731316682778496,0.4576333800788146,-2.563440131856616,-8.867069196036192,3.307958163856984,1.1905131488997074,-1.2328624725341797,2.288475632667541,-3.090590238571167,0.1393556594848632,1.8559396266937256,-2.549201250076294,-0.010848045349121,1.660466194152832,-1.7693378031253817,0.0077803862595172,-0.0164595671204842,0.0043268793501664,0.999824897847092,0.0084007887101028,-0.0329866815405393,0.0154246131290769,0.0,0.0,0.0,0.0,0.0,0.0,0.0
3.894447800004855,494014.5467269,0.79345703125,1.5293359756469729,-2.0914077758789062,-2.503302227427673,2.067528775057004,-1.1305705305927685,-1.6438572397734497,0.4242354672535087,-2.649954334955393,-8.64436529694701,3.278242280030818,1.0950424429285663,-1.1272430419921875,2.2275149822235107,-3.134392201900482,0.1925826072692871,1.8016546964645384,-2.614840865135193,0.0559091567993164,1.613706350326538,-1.849453896284104,0.0073404332300808,-0.01590904687106,0.0042801042838209,0.9998373372579006,0.0083295865899786,-0.0318811541987028,0.0145502006481425,0.0,0.0,0.0,0.0,0.0,0.0,0.0
3.90435670001898,494014.5566358,0.8466243743896484,1.5339255332946775,-2.2624433040618896,-2.57523023418238,2.043718851712395,-1.2874686674061788,-1.7562210654307189,0.3886512462855651,-2.809549681319535,-8.747743672381736,3.2269101622072194,0.929238412231935,-1.141667366027832,2.215951681137085,-3.321617841720581,0.2183914184570312,1.801520586013794,-2.7847588062286377,0.089883804321289,1.612149178981781,-2.019677311182022,0.0075414825261067,-0.0164019237732064,0.0041112320733072,0.9998285856629054,0.0079780581394198,-0.0328661506609986,0.0149541483236405,0.0,0.0,0.0,0.0,0.0,0.0,0.0
3.913379500037992,494014.5656586,0.8929967880249023,1.489013433456421,-2.3847222328186035,-2.507718617908328,1.972037680844668,-1.4221841203631778,-1.6808420087794929,0.3038356254324026,-2.93536563071296,-8.66195982889506,3.134891645507288,0.7948687534160611,-1.0843276977539062,2.153173089027405,-3.431949764490128,0.268101692199707,1.7499476671218872,-2.8968676924705505,0.1406669616699218,1.5625357627868652,-2.146650105714798,0.0075376686978366,-0.0162907711685109,0.0039784934597528,0.9998309686717688,0.0077142388866481,-0.0326418084320777,0.0149516852281777,0.0,0.0,0.0,0.0,0.0,0.0,0.0
3.92238390003331,494014.574663,0.9288787841796876,1.484304666519165,-2.475142478942871,-2.4124996917411767,1.859978209095697,-1.5579122916025838,-1.5616414035770632,0.1553872112475263,-3.0370232734262466,-8.53902884447777,2.9826554365062763,0.7084431653468053,-1.011788845062256,2.09026038646698,-3.490898758172989,0.3206729888916015,1.721009612083435,-2.95594334602356,0.1853704452514648,1.540541648864746,-2.253293991088867,0.0076853813751609,-0.0159338653407087,0.0035705506410908,0.9998371357458884,0.0068985920468446,-0.0319228443025508,0.015262842615193,0.0,0.0,0.0,0.0,0.0,0.0,0.0
3.931414100050461,494014.5836932,1.0238885879516602,1.4630258083343506,-2.558469772338867,-2.344422719028572,1.814952008336368,-1.6439458825860815,-1.4945366025880258,0.0801682852377139,-3.1328499618875383,-8.495824518912176,2.922365076799549,0.6276924721129173,-0.94527006149292,2.042323350906372,-3.5785287618637085,0.3960728645324707,1.689225435256958,-3.0353739857673645,0.2799034118652344,1.5164315700531006,-2.338763326406479,0.0076047083017471,-0.0161217840151908,0.0033591330299273,0.9998354728239544,0.0064753795253144,-0.0322949670009302,0.0151070555100596,0.0,0.0,0.0,0.0,0.0,0.0,0.0
3.9404252000385895,494014.5927043,1.1038780212402344,1.478254795074463,-2.694845199584961,-2.3856599244445054,1.8259024351866548,-1.759677487006471,-1.57618715787744,0.0906643140284324,-3.259432039843099,-8.580041496989876,2.93243189146275,0.5079359823622863,-0.9320974349975586,2.057299017906189,-3.742460161447525,0.4495382308959961,1.704275608062744,-3.181144595146179,0.3399848937988281,1.5309005975723269,-2.470538020133972,0.0077754017484149,-0.0166394380900365,0.0033272020262542,0.9998257858018942,0.0063980854191633,-0.0333309903874051,0.015446562104791,0.0,0.0,0.0,0.0,0.0,0.0,0.0
3.949437300034333,494014.6017164,1.1960268020629885,1.4751553535461426,-2.874761819839477,-2.3953991176852707,1.807613888516552,-1.9307392548383109,-1.5540453330280537,0.0250417791886614,-3.476525859099952,-8.569433948740768,2.8778020016314576,0.2943904042730754,-0.8904337882995605,2.0560473203659058,-3.9581507444381714,0.5261898040771484,1.6975849866867063,-3.374982625246048,0.4118084907531738,1.5274807810783386,-2.6468299329280853,0.0080374259579617,-0.0170545035997819,0.0033601756631476,0.9998166096392118,0.0064487778729129,-0.0341634114479865,0.0159672868833701,0.0,0.0,0.0,0.0,0.0,0.0,0.0
3.958478600019589,494014.6107577,1.2630224227905271,1.4352798461914062,-2.9661953449249268,-2.2941007364898347,1.7887899971088803,-2.017710707788424,-1.41108209894103,-0.0059481501680225,-3.5847815932970524,-8.47895592187986,2.866139245654597,0.2022842642319042,-0.81634521484375,2.011328935623169,-4.031233489513397,0.5875229835510254,1.660168170928955,-3.4592412412166595,0.4898905754089355,1.4890432357788086,-2.7386173605918884,0.0077839291850728,-0.0169731536018435,0.0032847668168845,0.999820250250118,0.0063078040230373,-0.0339978912174073,0.0154631059148695,0.0,0.0,0.0,0.0,0.0,0.0,0.0
3.9675009000347927,494014.61978,1.3544559478759766,1.4157593250274658,-3.026366233825684,-2.240367709818836,1.7407152297897743,-2.080167324263312,-1.3766688044911657,-0.0667014603991655,-3.643092971316073,-8.448655544203598,2.8052214129504205,0.1517455501382786,-0.7519125938415527,1.970157027244568,-4.096411168575287,0.6649494171142578,1.6318708658218384,-3.5152845084667206,0.5765557289123535,1.4651566743850708,-2.801034599542618,0.0078243895739332,-0.0171549844635873,0.0031128033375685,0.9998173812708154,0.0059595679023589,-0.0343591749277779,0.0155489246271622,0.0,0.0,0.0,0.0,0.0,0.0,0.0
3.976509600004647,494014.6287887,1.4688968658447266,1.419275999069214,-3.1192898750305176,-2.158556705944114,1.7653272035125511,-2.1650307635869765,-1.2864306245989887,-0.0646396111931846,-3.760049528373579,-8.36717446770141,2.7936597568496424,0.0211092275035421,-0.670015811920166,1.9713938236236568,-4.215318709611893,0.7609724998474121,1.6311407089233398,-3.6214403808116913,0.6857514381408691,1.4731734991073608,-2.8902851045131683,0.0077695122199124,-0.0174251188679397,0.003115651662818,0.9998131288530968,0.0059630358324756,-0.0348992232730603,0.0154375524111717,0.0,0.0,0.0,0.0,0.0,0.0,0.0
3.985527400043793,494014.6378065,1.5947818756103516,1.4196336269378662,-3.2207369804382324,-2.0982098357069656,1.7510313559775117,-2.259137120622999,-1.2627876487627532,-0.0898751935158315,-3.8560711796369502,-8.352143678282742,2.769655875875465,-0.0671045116142597,-0.593721866607666,1.9513964653015137,-4.331376403570175,0.8599162101745605,1.6235113143920898,-3.724172711372376,0.8038878440856934,1.4716386795043943,-2.9912032186985016,0.0077522490608263,-0.0177840772964716,0.0029409557976066,0.999807471470487,0.0056086319369183,-0.0356144330936277,0.0154072880501595,0.0,0.0,0.0,0.0,0.0,0.0,0.0
3.995243900048081,494014.647523,1.858115196228028,1.4283359050750732,-3.327667713165283,-2.019156947165257,1.7368499473770782,-2.3362087657371258,-1.2267358279369756,-0.1127306078122503,-3.947681695823248,-8.316396533319725,2.7446278060389018,-0.1506199786292031,-0.4175901412963867,1.956641674041748,-4.461422562599182,1.0944008827209473,1.633480191230774,-3.8330331444740295,1.0364055633544922,1.4731064438819883,-3.094639629125595,0.0081374758939855,-0.0184366792825352,0.0028470607507319,0.9997928608407792,0.0053965898155961,-0.036920443680746,0.0161783304179766,0.0,0.0,0.0,0.0,0.0,0.0,0.0
4.005194400029723,494014.6574735,2.0366907119750977,1.4216601848602295,-3.4101009368896484,-1.9643109164266808,1.7092451624106386,-2.4035201320431674,-1.21382377883128,-0.1538398729604151,-4.023281404718766,-8.30975738777795,2.7013296178923785,-0.2201431392165158,-0.3117918968200683,1.934722065925598,-4.568822681903839,1.241505146026611,1.6207098960876465,-3.9199553430080414,1.195967197418213,1.4629289507865906,-3.1747817993164062,0.0082929781993929,-0.0189798747367012,0.0027003823264502,0.9997818256013932,0.0050884834004819,-0.0380054046267052,0.0164924885770647,0.0,0.0,0.0,0.0,0.0,0.0,0.0
4.015110100037418,494014.6673892,2.235889434814453,1.4510750770568848,-3.5013556480407715,-1.927501915158336,1.734024206335505,-2.465818901509646,-1.2525253391970637,-0.1385517539551628,-4.099176327016665,-8.362516045767654,2.7187821145778224,-0.2841064988020631,-0.2217292785644531,1.945197582244873,-4.699058830738068,1.386880874633789,1.6428828239440918,-4.022691398859024,1.3728737831115725,1.492217183113098,-3.2601766288280487,0.0083293050300239,-0.0198007051967457,0.0025073845517881,0.9997661065339922,0.004687444183816,-0.0396443012384331,0.0165691942480201,0.0,0.0,0.0,0.0,0.0,0.0,0.0
4.0241309000412,494014.67641,2.4111270904541016,1.501530408859253,-3.544539213180542,-1.9620028528242184,1.7885749032090503,-2.469628200960229,-1.3493326870306357,-0.0790476105754778,-4.12507304516112,-8.460916904702298,2.7726969052451755,-0.3060648699487172,-0.1572370529174804,2.007365226745605,-4.792720079421997,1.521170139312744,1.6971677541732788,-4.086334258317947,1.5121698379516602,1.5434324741363523,-3.2933279871940613,0.0086607380583939,-0.0206741703943276,0.0025517932378679,0.9997454969371262,0.0047482656524691,-0.0413938383665967,0.017227163521286,0.0,0.0,0.0,0.0,0.0,0.0,0.0
4.033150500035845,494014.6854296,2.5801658630371094,1.545548439025879,-3.5534948110580444,-1.7096998240249128,1.890108388166084,-2.4759200462346267,-1.0879459276993408,0.0340692560601429,-4.137644893154683,-8.20664016336714,2.8901982135954296,-0.3304601438749582,0.0410079956054687,2.066180109977722,-4.794042557477951,1.692652702331543,1.7479658126831057,-4.101503640413284,1.6986727714538574,1.5973448753356934,-3.2990388572216034,0.0082841391073237,-0.0204675296223197,0.002667548585385,0.9997526381335308,0.0049988835468741,-0.0409805997310682,0.0164695551394524,0.0,0.0,0.0,0.0,0.0,0.0,0.0
4.042204199999105,494014.6944833,2.7256011962890625,1.5529096126556396,-3.560766577720642,-1.609398345213009,1.912125633393852,-2.4699316052759976,-0.99707319013298,0.0638165663713885,-4.140196549757826,-8.194327764773579,2.929928019403727,-0.3004167319888926,0.1662969589233398,2.087414264678955,-4.813339561223984,1.8326640129089355,1.7608702182769775,-4.116471856832504,1.8357038497924805,1.606874167919159,-3.3022984862327576,0.0083644439250716,-0.0206401150856659,0.0027612127475502,0.9997481670056902,0.0051801949649841,-0.0413277900104587,0.0166256528968029,0.0,0.0,0.0,0.0,0.0,0.0,0.0
4.051221700035967,494014.7035008,2.923250198364258,1.553177833557129,-3.5988539457321167,-1.3540445951132352,1.9480037426942431,-2.5074709193298945,-0.7205128886893508,0.1127678673966681,-4.181768386196537,-7.915361802031562,2.9798606912486147,-0.3514721502999446,0.3978610038757324,2.1089911460876465,-4.843734204769135,2.044856548309326,1.769930124282837,-4.158627241849899,2.04235315322876,1.6128048300743103,-3.338251262903213,0.0082446913850446,-0.0204047239462601,0.0029327192958201,0.9997535053512812,0.0055321769358614,-0.0408591151901466,0.0163800384923708,0.0,0.0,0.0,0.0,0.0,0.0,0.0
4.060291500005405,494014.7125706,3.079414367675781,1.6123950481414795,-3.646731376647949,-1.214800201135846,2.0137000813414963,-2.5514371231931605,-0.5535513275032322,0.1960143635121869,-4.230329107907056,-7.868907284177773,3.0886563761391983,-0.3457881077143249,0.5714893341064453,2.2005587816238403,-4.895217716693878,2.221822738647461,1.8411576747894287,-4.213050007820129,2.190232276916504,1.6732215881347656,-3.383081406354904,0.0084958647127082,-0.0203114145961497,0.0031889844902837,0.9997525179252152,0.0060362945962511,-0.0406781796646544,0.016872736466447,0.0,0.0,0.0,0.0,0.0,0.0,0.0
4.069314500025939,494014.7215936,3.2421350479125977,1.6723871231079102,-3.684759140014648,-0.895069983608554,2.083076415123064,-2.61609794437017,-0.1820385078978859,0.2669727957863577,-4.282100584103018,-7.4945560747223805,3.160509185088034,-0.4074146514999842,0.8203983306884766,2.262413501739502,-4.898890852928162,2.418398857116699,1.902058720588684,-4.240084439516068,2.3788809776306152,1.7348527908325195,-3.426771610975265,0.0082615499487635,-0.0196479929714306,0.0032411072723195,0.9997675721827988,0.0061608704263194,-0.0393505603203272,0.0164053321742863,0.0,0.0,0.0,0.0,0.0,0.0,0.0
4.079400400049053,494014.7316795,3.432869911193848,1.848757266998291,-3.791213035583496,-0.1271529643753766,2.2909148132618515,-2.820570332485617,0.8023588257619618,0.4688435615516351,-4.450627007268322,-6.710323944062235,3.386855228866392,-0.5238115122009404,1.3235211372375488,2.444431185722351,-4.880983382463455,2.7268528938293457,2.081111073493957,-4.308819770812988,2.668440341949463,1.920059323310852,-3.552492707967758,0.0072761918768158,-0.0172415540477575,0.003424864791207,0.9998190116950928,0.0066015680884907,-0.0345335705293131,0.0144407614928623,0.0,0.0,0.0,0.0,0.0,0.0,0.0
4.089421200042125,494014.7417003,3.641128540039064,1.8719136714935305,-3.745406866073608,0.0842377311012221,2.256086096571852,-2.793989252665732,1.0439924424603395,0.4261212247798629,-4.409603334341984,-6.454489005494057,3.3383994718388377,-0.476762604435221,1.5599727630615234,2.4606138467788696,-4.8216283321380615,2.960681915283203,2.100437879562378,-4.249826073646545,2.871215343475342,1.9329488277435305,-3.5135112702846527,0.0076329702583376,-0.0170133697266259,0.0033937048519228,0.9998203667574284,0.0065303034722843,-0.0340790312860848,0.0151571022803778,0.0,0.0,0.0,0.0,0.0,0.0,0.0
4.09843340003863,494014.7507125,3.852963447570801,2.080261707305908,-3.783583641052246,-0.1411690746531135,2.308708452116948,-2.8032622192974905,0.7387141542212206,0.446129438580467,-4.42592950363901,-6.882491698428472,3.3838472628018867,-0.3788670484285508,1.581728458404541,2.6420652866363525,-4.932597279548645,3.1260251998901367,2.2948086261749268,-4.292093217372894,2.998471260070801,2.114810049533844,-3.5507716238498688,0.0090185907405319,-0.0184521082753895,0.003133526033388,0.9997841595743784,0.0059369650805545,-0.0369611861583412,0.0179308547131407,0.0,0.0,0.0,0.0,0.0,0.0,0.0
4.107444900029805,494014.759724,4.128456115722656,2.1221041679382324,-3.73855233192444,-0.2967134757045908,2.195141072093315,-2.726595506186938,0.4992526525307017,0.3073996155473213,-4.353506187686215,-7.101651791044494,3.2310463383223853,-0.2635195336362622,1.6728639602661133,2.6563256978988647,-4.95477020740509,3.35770845413208,2.323150634765625,-4.248563200235367,3.191053867340088,2.129420638084412,-3.5051964223384857,0.0103965368519632,-0.0198407680694232,0.0028671612284382,0.9997449851489084,0.0053245389045445,-0.0397414942221484,0.0206918111704525,0.0,0.0,0.0,0.0,0.0,0.0,0.0
4.116444900049828,494014.768724,4.330158233642578,2.2294223308563232,-3.7627071142196655,-0.3075578883553476,2.24288509239956,-2.7291850749479805,0.4439793088995003,0.3292908531933869,-4.366990363221808,-7.179111984098485,3.2694477607703165,-0.2412698704501604,1.7720460891723633,2.747774124145508,-5.010578781366348,3.526985645294189,2.4247467517852783,-4.27381694316864,3.354787826538086,2.225451171398163,-3.527514636516571,0.0109304675537015,-0.0206048631022857,0.0026965725433281,0.9997243084931526,0.0049454475878567,-0.0412690280713003,0.0217640307716281,0.0,0.0,0.0,0.0,0.0,0.0,0.0
4.125477200024761,494014.7777563,4.510641098022461,2.3470520973205566,-3.813177347183228,-0.0780719116335593,2.371426528672366,-2.7855867099380247,0.6962328667816653,0.4640431600549388,-4.42184509524811,-6.922715693423509,3.4037684957752834,-0.3016372992212576,1.9854307174682613,2.876520156860352,-5.0509013235569,3.723621368408203,2.5468021631240845,-4.323169589042664,3.542006015777588,2.3446381092071533,-3.578580915927887,0.0109023006336307,-0.0203641226429676,0.0027936902451019,0.9997292821782756,0.005146139432695,-0.0407894445538176,0.021704672349895,0.0,0.0,0.0,0.0,0.0,0.0,0.0
4.134481200017035,494014.7867603,4.657149314880371,2.4665892124176025,-3.830417990684509,0.1102225634033171,2.447907890714529,-2.8245659201382445,0.9244020061267566,0.5321484587006986,-4.448038130431089,-6.683471563669885,3.471093963775762,-0.3251094073961624,2.176940441131592,2.9928237199783325,-5.049057304859161,3.8997530937194815,2.664297819137573,-4.327751696109772,3.690540790557861,2.456642687320709,-3.6024190485477448,0.0111310518198622,-0.0200117101480185,0.0027960790951658,0.9997338711297268,0.0051493265165626,-0.0400857500624075,0.0221638883539961,0.0,0.0,0.0,0.0,0.0,0.0,0.0
4.143495400028769,494014.7957745,4.807233810424805,2.57265567779541,-3.842681646347046,0.2433827891015205,2.5300774336774188,-2.8411932716702823,1.0649714860053727,0.6117282631238341,-4.460664188718617,-6.536804530916207,3.548156300512195,-0.3344316014138402,2.329409122467041,3.0972957611083984,-5.059890449047089,4.0572285652160645,2.7693063020706177,-4.336271435022354,3.8352012634277344,2.5584176182746887,-3.61662730574608,0.011311166930815,-0.0199903734294436,0.0027891066900247,0.999732295845586,0.0051286249814449,-0.0400438408694034,0.0225247272191222,0.0,0.0,0.0,0.0,0.0,0.0,0.0
4.153783200017642,494014.8060623,5.202174186706543,2.765536308288574,-3.811836242675781,0.8139871170196322,2.7653709203107613,-2.830706529276798,1.7448057283562246,0.8915120496852391,-4.440295707692993,-5.830797750533856,3.82742849330492,-0.3390842569778573,2.87097692489624,3.3639222383499146,-4.989843815565109,4.537105560302734,2.99130380153656,-4.305038601160049,4.2479634284973145,2.757251262664795,-3.585856407880783,0.0114733532183095,-0.0189446612716337,0.003403802771559,0.9997489065269956,0.0063758165875359,-0.0379670357410145,0.0228304117083134,0.0,0.0,0.0,0.0,0.0,0.0,0.0
4.162809200002812,494014.8150883,5.401134490966797,2.8685927391052246,-3.8207024335861206,1.0714242666489682,2.809650421671528,-2.8685577124803534,2.06895517190242,0.9433516602004866,-4.4544520987627365,-5.495675729273897,3.8692252986607945,-0.3527183409470138,3.146529197692871,3.47776710987091,-4.967857152223587,4.789352416992188,3.098219633102417,-4.296489059925079,4.44793701171875,2.8498321771621704,-3.603111952543258,0.0118924084546532,-0.0183587759965259,0.0035196392848824,0.9997545389266116,0.0066054108633923,-0.0368005590607547,0.0236679790011864,0.0,0.0,0.0,0.0,0.0,0.0,0.0
4.17181490000803,494014.824094,5.612373352050781,2.96977162361145,-3.8144588470458975,1.4127226065896448,2.841695955112689,-2.908809923204435,2.476847031734009,0.9603153949958032,-4.464386217188912,-5.0736477783746015,3.881223899657504,-0.3609907155512348,3.450751304626465,3.558531403541565,-4.917856305837631,5.0490498542785645,3.190353512763977,-4.263170063495636,4.675686359405518,2.939194440841675,-3.610812127590179,0.0120490210734571,-0.0176134084486732,0.0034153774665632,0.9997664347890224,0.0064087490758181,-0.0353082288822716,0.0239893521021347,0.0,0.0,0.0,0.0,0.0,0.0,0.0
4.18084230000386,494014.8331214,5.806326866149902,3.1591951847076416,-3.867030143737793,1.7889544648583833,2.9535465522548545,-3.019807712297255,2.9241094992606964,1.074864426611477,-4.525707352419324,-4.776004415165236,4.010297177591604,-0.3534839633691673,3.754794597625733,3.71687114238739,-4.916373640298843,5.289435386657715,3.3668875694274902,-4.285208880901337,4.899740219116211,3.11926007270813,-3.678981214761734,0.0119461729175101,-0.0167223367059679,0.0032353722795487,0.9997835689657688,0.0060732573647182,-0.0335210129215044,0.0237945800767537,0.0,0.0,0.0,0.0,0.0,0.0,0.0
4.189850700029638,494014.8421298,6.048679351806641,3.2975375652313232,-3.954187035560608,1.91050735606968,3.06744026083447,-3.092097695293332,3.0562932535354026,1.2035998700872796,-4.60617212483795,-4.621360037511346,4.130820738192931,-0.4298056423524768,3.9763450622558594,3.889411687850952,-5.021713674068451,5.548655986785889,3.5178810358047485,-4.379425197839737,5.111873149871826,3.251791000366211,-3.762584179639816,0.0126034730303047,-0.016922688040799,0.0034887882220858,0.9997712755694622,0.0065532303835487,-0.033932087630577,0.0251001838873329,0.0,0.0,0.0,0.0,0.0,0.0,0.0
4.19886340002995,494014.8511425,6.272077560424805,3.38020920753479,-4.009351134300232,2.0162102826915,3.0407018790191973,-3.158625003770836,3.196650239999821,1.219205199253559,-4.648601274943478,-4.677057039786714,4.195331177488937,-0.344344239127976,4.192769527435303,3.983527421951294,-5.086518824100494,5.794823169708252,3.602832555770874,-4.431582987308502,5.30850887298584,3.322675824165344,-3.820180892944336,0.013310844439518,-0.0169938856359018,0.0035918701347367,0.9997605351984226,0.0067335753249964,-0.0340818517538903,0.0265117342364042,0.0,0.0,0.0,0.0,0.0,0.0,0.0
4.2078791000531055,494014.8601582,6.503701210021973,3.4301578998565674,-4.016518592834473,2.400796527248117,3.047691357527888,-3.2077840782206644,3.636522772165529,1.2323474583782468,-4.667383157668049,-4.417854086068429,4.265283173041034,-0.2706109450671019,4.509568214416504,4.015505313873291,-5.056925117969513,6.056725978851318,3.644689917564392,-4.421982914209366,5.56868314743042,3.37112694978714,-3.836631774902344,0.0130547777144889,-0.0163169048839383,0.0035033762968605,0.9997755036748782,0.0065827242161685,-0.0327237952441901,0.0260062182761983,0.0,0.0,0.0,0.0,0.0,0.0,0.0
4.217114200000651,494014.8693933,6.601214408874512,3.5581588745117188,-4.095137119293213,2.769811520964005,3.209166203105407,-3.326386395157761,4.074716314242277,1.3941421656325503,-4.766076528286641,-3.9846294114367353,4.431855690649633,-0.3884312320676705,4.738152027130127,4.139155149459839,-5.080010741949081,6.195962429046631,3.771588206291199,-4.483964294195175,5.715012550354004,3.505423665046692,-3.923423588275909,0.012450603879695,-0.0152968711186425,0.003520778939787,0.9997992760112742,0.0066624184828623,-0.0306800857894359,0.0248027094886461,0.0,0.0,0.0,0.0,0.0,0.0,0.0
4.2261230000294745,494014.8784021,6.800293922424316,3.5557448863983154,-4.120469093322754,3.14689756627562,3.106595950965602,-3.41450141778734,4.518172027868417,1.2642182492536014,-4.806799930326606,-3.725505128895135,4.358432570813864,-0.3129886362213171,5.047857761383057,4.090473055839539,-5.043487995862961,6.443798542022705,3.7506520748138414,-4.469357430934906,5.942583084106445,3.487594425678253,-3.968361765146256,0.0124519066082632,-0.0143776621936824,0.0032221209600869,0.9998139080789896,0.0060875521242997,-0.0288342117034073,0.0248193895310745,0.0,0.0,0.0,0.0,0.0,0.0,0.0
4.2351447000401095,494014.8874238,7.179498672485352,3.5201311111450195,-4.006385803222656,3.0232134760050933,2.824339809260612,-3.2841993190410173,4.3068858669332855,0.9350934464929516,-4.6664844621912405,-3.907166233851012,4.009197433756995,-0.1103394976774141,5.221366882324219,3.995418548583984,-4.9982331693172455,6.780683994293213,3.6881864070892334,-4.342813044786453,6.222963333129883,3.4092217683792114,-3.861516714096069,0.0142615379444821,-0.0158986974822328,0.0027203865083237,0.9997681928582604,0.0049885864428609,-0.0318730141922038,0.0284482468430145,0.0,0.0,0.0,0.0,0.0,0.0,0.0
4.24417010002071,494014.8964492,7.461071014404297,3.466546535491944,-3.959804773330689,3.1114072167572893,2.690704328273536,-3.2260393573532857,4.343017864499865,0.7803870658302792,-4.607437470644495,-3.868243483771572,3.8501142638516783,-0.0273865252868078,5.407094955444336,3.9105266332626334,-4.982419312000275,7.030189037322998,3.621309995651245,-4.29413840174675,6.4702630043029785,3.3422261476516724,-3.8161911070346832,0.0147657118638238,-0.0166036291639776,0.002455725510184,0.9997501001070008,0.0044223576817274,-0.0332776225089297,0.0294630682488463,0.0,0.0,0.0,0.0,0.0,0.0,0.0
4.25319280003896,494014.9054719,7.643461227416992,3.419727087020874,-3.965422511100769,3.4547849893342697,2.601372949773056,-3.273336937272081,4.676766200009785,0.6815057746678566,-4.602891970278241,-3.9017866096771048,3.848496135067048,0.189544928300667,5.65338134765625,3.82685661315918,-4.947852343320847,7.222771644592285,3.5610944032669067,-4.279002547264099,6.6863298416137695,3.29425185918808,-3.831591457128525,0.0142904473914633,-0.0160599260467824,0.0021947889202581,0.999766495132898,0.0039315915087911,-0.032180635036895,0.0285223573305527,0.0,0.0,0.0,0.0,0.0,0.0,0.0
4.262218400021084,494014.9144975,7.836461067199707,3.4040212631225586,-4.038333892822266,3.992068924721037,2.5687371170083075,-3.415623905250132,5.248241431097922,0.6047655022148324,-4.701602560227425,-3.363270274143959,3.7858639482791214,0.0827088603520213,5.964159965515137,3.7233829498291016,-4.946883767843247,7.422924041748047,3.511518239974976,-4.313431680202484,6.9522857666015625,3.27889621257782,-3.923896700143814,0.0131486360543924,-0.0150416171122557,0.00158209152333,0.9997991598871092,0.0027692539296406,-0.0301233525261378,0.0262593256913443,0.0,0.0,0.0,0.0,0.0,0.0,0.0
4.271232200029772,494014.9235113,8.188843727111816,3.1893253326416016,-4.107266664505005,4.63430272151788,2.188203371877695,-3.584478331547188,5.907161360972246,0.222708915193992,-4.759562811712102,-2.727377654871077,3.4378999772135543,0.0549596190595694,6.429731845855713,3.390073776245117,-4.930250346660614,7.78728723526001,3.2511353492736816,-4.32581827044487,7.370352745056152,3.050863742828369,-4.020337015390396,0.0122976408875325,-0.0140115374371372,0.0007334503387149,0.9998259383001872,0.0011224691046825,-0.0280399107375211,0.0245825852179669,0.0,0.0,0.0,0.0,0.0,0.0,0.0
4.280278000049293,494014.9325571,8.383631706237793,3.0511319637298584,-4.120886325836182,4.889483518514703,2.066229657425977,-3.604066888516243,6.130791700891924,0.0831877636726097,-4.77496244574129,-2.527442895234655,3.3076503194643947,0.040023070808845,6.611227989196777,3.21321189403534,-4.938337951898575,7.951140403747559,3.0985027551651,-4.3356455862522125,7.585704326629639,2.9171258211135864,-4.035860300064087,0.0117253307483311,-0.0140684591331923,0.0004341526357955,0.9998321892137444,0.0005384581836043,-0.02814609384209,0.0234459440387567,0.0,0.0,0.0,0.0,0.0,0.0,0.0
4.289282400044613,494014.9415615,8.584737777709961,2.9053986072540283,-4.13590669631958,4.87249547644808,1.812450361990181,-3.607857945337002,5.966949085469464,-0.0074895371588445,-4.700571139076518,-2.734245219413234,3.2277121617215188,0.178136270741782,6.661534309387207,3.045693039894104,-5.020834505558014,8.060574531555176,2.9425621032714844,-4.383057355880737,7.771730422973633,2.785012125968933,-4.037212580442429,0.0112734232694291,-0.0152302242433368,0.0002289502052388,0.9998204327673492,0.0001144777777716,-0.0304648531166687,0.022548196429656,0.0,0.0,0.0,0.0,0.0,0.0,0.0
4.298307100019883,494014.9505862,8.778572082519531,2.723872661590576,-4.156246781349182,4.941684561563298,1.6851875200155075,-3.588602607093268,5.94207271563385,-0.1383385095393152,-4.705606007772988,-2.7861852577748536,3.106857601208046,0.179519004529248,6.7386627197265625,2.8485357761383057,-5.08500263094902,8.181750774383545,2.756088972091675,-4.42485511302948,7.956087589263916,2.613954246044159,-4.0468089282512665,0.0108664150924851,-0.0161163749118072,5.308217462770408e-05,0.9998110724857084,-0.0002442370188343,-0.0322333952116123,0.0217400177043344,0.0,0.0,0.0,0.0,0.0,0.0,0.0
4.307313300028909,494014.9595924,8.944272994995117,2.552151679992676,-4.198014736175537,4.941428869684517,1.631935791170186,-3.5630932756601714,5.853217459609539,-0.1638928133353978,-4.726328609624417,-2.893103270626529,3.0891896841223065,0.1543092887323904,6.782352924346924,2.715915441513061,-5.188338458538055,8.282363414764404,2.6013851165771484,-4.508413374423981,8.101582527160645,2.462320029735565,-4.067357629537582,0.010577533428859,-0.0171106594428837,0.0002792891935638,0.9997976110781308,0.0001966033416513,-0.0342269836010732,0.0211551949785282,0.0,0.0,0.0,0.0,0.0,0.0,0.0
4.316340500023216,494014.9686196,9.17494297027588,2.434760332107544,-4.1866302490234375,4.916286344848642,1.5493135888718643,-3.4930681937119443,5.721093814881284,-0.2424688263044094,-4.689563074026301,-3.0395562555884936,3.014566393028384,0.2052826407378388,6.851375102996826,2.60162353515625,-5.244042724370956,8.437573909759521,2.48582661151886,-4.526205360889435,8.294999599456787,2.351127564907074,-4.041139036417008,0.0106528583528439,-0.0183669465702537,0.0002265551385724,0.99977453486042,6.172881023430023e-05,-0.0367387018582686,0.021308581000875,0.0,0.0,0.0,0.0,0.0,0.0,0.0
4.32546820002608,494014.9777473,9.293556213378906,2.3637115955352783,-4.263952374458313,5.1100239991968,1.5238767614385862,-3.565781888187132,5.837787014642881,-0.1783295973522558,-4.714199513361187,-2.960429634864425,3.0732495119142333,0.1805895602091153,6.9640278816223145,2.540722489356994,-5.322936922311783,8.523821830749512,2.4219006299972534,-4.619523882865906,8.440971374511719,2.300344407558441,-4.109349101781845,0.009784214320276,-0.0184202727233819,0.0002719666521949,0.9997824206981596,0.0001834837029263,-0.036846188420403,0.0195686817261649,0.0,0.0,0.0,0.0,0.0,0.0,0.0
4.334504900034517,494014.986784,9.4146728515625,2.278536558151245,-4.262566566467285,5.378771454597864,1.563325906617674,-3.553435609601807,6.100556613581443,-0.0735767807292231,-4.700573869557618,-2.721479347475686,3.1748913514223487,0.1699970972267768,7.131040096282959,2.503141760826111,-5.321085453033447,8.642792701721191,2.3564398288726807,-4.643633961677551,8.594989776611328,2.241984009742737,-4.095833748579025,0.0089521503457653,-0.0181312987195619,0.0006429290837039,0.9997953298816326,0.0009615995053598,-0.0362746415701612,0.0178900446040137,0.0,0.0,0.0,0.0,0.0,0.0,0.0
4.34457570000086,494014.9968548,9.714007377624512,2.267390489578247,-4.322528839111328,5.442868095592024,1.7099858520157052,-3.5160313599766555,6.0226712766939805,0.2072358426964404,-4.679836224965274,-2.7912921579746897,3.4429319450861584,0.1758350866216361,7.298767566680908,2.610325813293457,-5.463656038045883,8.887112140655518,2.395465970039368,-4.772044718265533,8.858203887939453,2.263844013214112,-4.119429737329483,0.0088378374320636,-0.019290222400299,0.0014344307929878,0.9997738356036188,0.0025291323161569,-0.0386066634695564,0.0176303861149769,0.0,0.0,0.0,0.0,0.0,0.0,0.0
4.353590800019447,494015.0058699,9.821653366088867,2.272814512252808,-4.348531365394592,5.541129785621601,1.8579143659616384,-3.495601787812212,6.109686085614907,0.4013830549788877,-4.69726746238708,-2.708067216578458,3.641608225945892,0.1358478157240886,7.393896579742432,2.689763903617859,-5.515694618225098,8.985817432403564,2.431735396385193,-4.833567887544632,8.96596908569336,2.292342483997345,-4.127003252506256,0.0085302863826305,-0.0194790499794512,0.0019673320130834,0.9997719392095774,0.0036041903391051,-0.0389926591219744,0.016993772963468,0.0,0.0,0.0,0.0,0.0,0.0,0.0
4.362600100052077,494015.0148792,9.821653366088867,2.272814512252808,-4.348531365394592,5.541129785621601,1.8579143659616384,-3.495601787812212,6.109686085614907,0.4013830549788877,-4.69726746238708,-2.708067216578458,3.641608225945892,0.1358478157240886,7.393896579742432,2.689763903617859,-5.515694618225098,8.985817432403564,2.431735396385193,-4.833567887544632,8.96596908569336,2.292342483997345,-4.127003252506256,0.0085302863826305,-0.0194790499794512,0.0019673320130834,0.9997719392095774,0.0036041903391051,-0.0389926591219744,0.016993772963468,0.0,0.0,0.0,0.0,0.0,0.0,0.0
4.371626600041054,494015.0239057,9.974479675292969,2.3621022701263428,-4.076555371284485,6.153260802455485,2.0473948212856863,-3.278751613001875,6.793316804914795,0.6505434136477861,-4.42871673812021,-2.023707666280794,3.8835595466411577,0.3599538425524389,7.782638072967529,2.832457423210144,-5.169782787561417,9.224653244018556,2.5419145822525024,-4.558909684419632,9.195804595947266,2.40468978881836,-3.8576312363147736,0.0075625253723838,-0.0177319519464551,0.0024799703518115,0.999811100077017,0.0046937820432093,-0.0355021718194,0.0150442912753176,0.0,0.0,0.0,0.0,0.0,0.0,0.0
4.380634400004055,494015.0329135,10.103940963745115,2.4480223655700684,-3.963947296142578,6.463619471866577,2.2226854042359525,-3.170552305990941,7.036050053803589,0.893966072272212,-4.267764797783807,-1.6888171942648356,4.100533697005582,0.4543758916127922,8.010327816009521,2.9724985361099243,-5.032077431678772,9.392619132995604,2.6503801345825195,-4.456140100955963,9.355008602142334,2.507135272026062,-3.739539533853531,0.0071326826692754,-0.0170391677517565,0.0029197882579745,0.999825117926528,0.0055987733405803,-0.0341206479232771,0.014172092090023,0.0,0.0,0.0,0.0,0.0,0.0,0.0
4.389661799999885,494015.0419409,10.145306587219238,2.536267042160034,-3.9385557174682617,6.641659949226719,2.342708776799846,-3.160090929032883,7.307276302549015,1.0445604787890916,-4.254591319219771,-1.3924795840731807,4.244027379454063,0.4462738345886174,8.17108154296875,3.120332956314087,-4.974164068698883,9.505510330200195,2.7617961168289185,-4.429209977388382,9.408652782440186,2.5989189743995667,-3.714513033628464,0.0073303663498925,-0.0161867864920182,0.0034208323563548,0.9998362623841104,0.0066067549738662,-0.0324241051882724,0.0145557520576873,0.0,0.0,0.0,0.0,0.0,0.0,0.0
